Zone;Africa/Algiers;0;12;12;LMT;1891;3;16
0;09;21;-;PMT;1911;3;11;0;0;0
0;00;0;Algeria;WE%sT;1940;2;25;2;00;0
1;00;0;Algeria;CE%sT;1946;10;7;0;0;0
0;00;0;-;WET;1956;1;29;0;0;0
1;00;0;-;CET;1963;4;14;0;0;0
0;00;0;Algeria;WE%sT;1977;10;21;0;0;0
1;00;0;Algeria;CE%sT;1979;10;26;0;0;0
0;00;0;Algeria;WE%sT;1981;5;1;0;0;0
1;00;0;-;CET;0;1;1;0;0;0
Zone;Atlantic/Cape_Verde;-1;34;04;LMT;1912;1;01
-2;00;0;-;%z;1942;9;1;0;0;0
-2;00;0;1:00;%z;1945;10;15;0;0;0
-2;00;0;-;%z;1975;11;25;2;00;0
-1;00;0;-;%z;0;1;1;0;0;0
Zone;Africa/Ndjamena;1;00;12;LMT;1912;1;1
1;00;0;-;WAT;1979;10;14;0;0;0
1;00;0;1:00;WAST;1980;3;8;0;0;0
1;00;0;-;WAT;0;1;1;0;0;0
Zone;Africa/Abidjan;-0;16;08;LMT;1912;1;1
0;00;0;-;GMT;0;1;1;0;0;0
Zone;Africa/Cairo;2;05;09;LMT;1900;10;1
2;00;0;Egypt;EE%sT;0;1;1;0;0;0
Zone;Africa/Bissau;-1;02;20;LMT;1912;1;1
-1;00;0;-;%z;1975;1;1;0;0;0
0;00;0;-;GMT;0;1;1;0;0;0
Zone;Africa/Nairobi;2;27;16;LMT;1908;5;1
2;30;0;-;%z;1928;6;30;24;00;0
3;00;0;-;EAT;1930;1;4;24;00;0
2;30;0;-;%z;1936;12;31;24;00;0
2;45;0;-;%z;1942;7;31;24;00;0
3;00;0;-;EAT;0;1;1;0;0;0
Zone;Africa/Monrovia;-0;43;08;LMT;1882;1;1
-0;43;08;-;MMT;1919;3;1;0;0;0
-0;44;30;-;MMT;1972;1;7;0;0;0
0;00;0;-;GMT;0;1;1;0;0;0
Zone;Africa/Tripoli;0;52;44;LMT;1920;1;1
1;00;0;Libya;CE%sT;1959;1;1;0;0;0
2;00;0;-;EET;1982;1;1;0;0;0
1;00;0;Libya;CE%sT;1990;5;4;0;0;0
2;00;0;-;EET;1996;9;30;0;0;0
1;00;0;Libya;CE%sT;1997;10;4;0;0;0
2;00;0;-;EET;2012;11;10;2;00;0
1;00;0;Libya;CE%sT;2013;10;25;2;00;0
2;00;0;-;EET;0;1;1;0;0;0
Zone;Indian/Mauritius;3;50;00;LMT;1907;1;1
4;00;0;Mauritius;%z;0;1;1;0;0;0
Zone;Africa/Casablanca;-0;30;20;LMT;1913;10;26
0;00;0;Morocco;%z;1984;3;16;0;0;0
1;00;0;-;%z;1986;1;1;0;0;0
0;00;0;Morocco;%z;2018;10;28;3;00;0
1;00;0;Morocco;%z;0;1;1;0;0;0
Zone;Africa/El_Aaiun;-0;52;48;LMT;1934;1;1
-1;00;0;-;%z;1976;4;14;0;0;0
0;00;0;Morocco;%z;2018;10;28;3;00;0
1;00;0;Morocco;%z;0;1;1;0;0;0
Zone;Africa/Maputo;2;10;18;LMT;1909;1;1
2;00;0;-;CAT;0;1;1;0;0;0
Zone;Africa/Windhoek;1;08;24;LMT;1892;2;8
1;30;0;-;%z;1903;3;1;0;0;0
2;00;0;-;SAST;1942;9;20;2;00;0
2;00;0;1:00;SAST;1943;3;21;2;00;0
2;00;0;-;SAST;1990;3;21;0;0;0
2;00;0;Namibia;%s;0;1;1;0;0;0
Zone;Africa/Lagos;0;13;35;LMT;1905;7;1
0;00;0;-;GMT;1908;7;1;0;0;0
0;13;35;-;LMT;1914;1;1;0;0;0
0;30;0;-;%z;1919;9;1;0;0;0
1;00;0;-;WAT;0;1;1;0;0;0
Zone;Africa/Sao_Tome;0;26;56;LMT;1884;1;1
-0;36;45;-;LMT;1912;1;1;00;00u;0
0;00;0;-;GMT;2018;1;1;01;00;0
1;00;0;-;WAT;2019;1;1;02;00;0
0;00;0;-;GMT;0;1;1;0;0;0
Zone;Africa/Johannesburg;1;52;00;LMT;1892;2;8
1;30;0;-;SAST;1903;3;1;0;0;0
2;00;0;SA;SAST;0;1;1;0;0;0
Zone;Africa/Khartoum;2;10;08;LMT;1931;1;1
2;00;0;Sudan;CA%sT;2000;1;15;12;00;0
3;00;0;-;EAT;2017;11;1;0;0;0
2;00;0;-;CAT;0;1;1;0;0;0
Zone;Africa/Juba;2;06;28;LMT;1931;1;1
2;00;0;Sudan;CA%sT;2000;1;15;12;00;0
3;00;0;-;EAT;2021;2;1;00;00;0
2;00;0;-;CAT;0;1;1;0;0;0
Zone;Africa/Tunis;0;40;44;LMT;1881;5;12
0;09;21;-;PMT;1911;3;11;0;0;0
1;00;0;Tunisia;CE%sT;0;1;1;0;0;0
Zone;Antarctica/Casey;0;0;0;-00;1969;1;1
8;00;0;-;%z;2009;10;18;2;00;0
11;00;0;-;%z;2010;3;5;2;00;0
8;00;0;-;%z;2011;10;28;2;00;0
11;00;0;-;%z;2012;2;21;17;00u;0
8;00;0;-;%z;2016;10;22;0;0;0
11;00;0;-;%z;2018;3;11;4;00;0
8;00;0;-;%z;2018;10;7;4;00;0
11;00;0;-;%z;2019;3;17;3;00;0
8;00;0;-;%z;2019;10;4;3;00;0
11;00;0;-;%z;2020;3;8;3;00;0
8;00;0;-;%z;2020;10;4;0;01;0
11;00;0;-;%z;2021;3;14;0;00;0
8;00;0;-;%z;2021;10;3;0;01;0
11;00;0;-;%z;2022;3;13;0;00;0
8;00;0;-;%z;2022;10;2;0;01;0
11;00;0;-;%z;2023;3;9;3;00;0
8;00;0;-;%z;0;1;1;0;0;0
Zone;Antarctica/Davis;0;0;0;-00;1957;1;13
7;00;0;-;%z;1964;11;1;0;0;0
0;0;0;-;-00;1969;2;1;0;0;0
7;00;0;-;%z;2009;10;18;2;00;0
5;00;0;-;%z;2010;3;10;20;00u;0
7;00;0;-;%z;2011;10;28;2;00;0
5;00;0;-;%z;2012;2;21;20;00u;0
7;00;0;-;%z;0;1;1;0;0;0
Zone;Antarctica/Mawson;0;0;0;-00;1954;2;13
6;00;0;-;%z;2009;10;18;2;00;0
5;00;0;-;%z;0;1;1;0;0;0
Zone;Antarctica/Troll;0;0;0;-00;2005;2;12
0;00;0;Troll;%s;0;1;1;0;0;0
Zone;Antarctica/Vostok;0;0;0;-00;1957;12;16
7;00;0;-;%z;1994;2;1;0;0;0
0;0;0;-;-00;1994;11;1;0;0;0
7;00;0;-;%z;2023;12;18;2;00;0
5;00;0;-;%z;0;1;1;0;0;0
Zone;Antarctica/Rothera;0;0;0;-00;1976;12;1
-3;00;0;-;%z;0;1;1;0;0;0
Zone;Asia/Kabul;4;36;48;LMT;1890;1;1
4;00;0;-;%z;1945;1;1;0;0;0
4;30;0;-;%z;0;1;1;0;0;0
Zone;Asia/Yerevan;2;58;00;LMT;1924;5;2
3;00;0;-;%z;1957;3;1;0;0;0
4;00;0;RussiaAsia;%z;1991;3;31;2;00s;0
3;00;0;RussiaAsia;%z;1995;9;24;2;00s;0
4;00;0;-;%z;1997;1;1;0;0;0
4;00;0;RussiaAsia;%z;2011;1;1;0;0;0
4;00;0;Armenia;%z;0;1;1;0;0;0
Zone;Asia/Baku;3;19;24;LMT;1924;5;2
3;00;0;-;%z;1957;3;1;0;0;0
4;00;0;RussiaAsia;%z;1991;3;31;2;00s;0
3;00;0;RussiaAsia;%z;1992;9;lastSun;2;00s;0
4;00;0;-;%z;1996;1;1;0;0;0
4;00;0;EUAsia;%z;1997;1;1;0;0;0
4;00;0;Azer;%z;0;1;1;0;0;0
Zone;Asia/Dhaka;6;01;40;LMT;1890;1;1
5;53;20;-;HMT;1941;10;1;0;0;0
6;30;0;-;%z;1942;5;15;0;0;0
5;30;0;-;%z;1942;9;1;0;0;0
6;30;0;-;%z;1951;9;30;0;0;0
6;00;0;-;%z;2009;1;1;0;0;0
6;00;0;Dhaka;%z;0;1;1;0;0;0
Zone;Asia/Thimphu;5;58;36;LMT;1947;8;15
5;30;0;-;%z;1987;10;1;0;0;0
6;00;0;-;%z;0;1;1;0;0;0
Zone;Indian/Chagos;4;49;40;LMT;1907;1;1
5;00;0;-;%z;1996;1;1;0;0;0
6;00;0;-;%z;0;1;1;0;0;0
Zone;Asia/Yangon;6;24;47;LMT;1880;1;1
6;24;47;-;RMT;1920;1;1;0;0;0
6;30;0;-;%z;1942;5;1;0;0;0
9;00;0;-;%z;1945;5;3;0;0;0
6;30;0;-;%z;0;1;1;0;0;0
Zone;Asia/Shanghai;8;05;43;LMT;1901;1;1
8;00;0;Shang;C%sT;1949;5;28;0;0;0
8;00;0;PRC;C%sT;0;1;1;0;0;0
Zone;Asia/Urumqi;5;50;20;LMT;1928;1;1
6;00;0;-;%z;0;1;1;0;0;0
Zone;Asia/Hong_Kong;7;36;42;LMT;1904;10;29
8;00;0;-;HKT;1941;6;15;3;00;0
8;00;0;1:00;HKST;1941;10;1;4;00;0
8;00;0;0:30;HKWT;1941;12;25;0;0;0
9;00;0;-;JST;1945;11;18;2;00;0
8;00;0;HK;HK%sT;0;1;1;0;0;0
Zone;Asia/Taipei;8;06;00;LMT;1896;1;1
8;00;0;-;CST;1937;10;1;0;0;0
9;00;0;-;JST;1945;9;21;1;00;0
8;00;0;Taiwan;C%sT;0;1;1;0;0;0
Zone;Asia/Macau;7;34;10;LMT;1904;10;30
8;00;0;-;CST;1941;12;21;23;00;0
9;00;0;Macau;%z;1945;9;30;24;00;0
8;00;0;Macau;C%sT;0;1;1;0;0;0
Zone;Asia/Nicosia;2;13;28;LMT;1921;11;14
2;00;0;Cyprus;EE%sT;1998;9;1;0;0;0
2;00;0;EUAsia;EE%sT;0;1;1;0;0;0
Zone;Asia/Famagusta;2;15;48;LMT;1921;11;14
2;00;0;Cyprus;EE%sT;1998;9;1;0;0;0
2;00;0;EUAsia;EE%sT;2016;9;8;0;0;0
3;00;0;-;%z;2017;10;29;1;00u;0
2;00;0;EUAsia;EE%sT;0;1;1;0;0;0
Zone;Asia/Tbilisi;2;59;11;LMT;1880;1;1
2;59;11;-;TBMT;1924;5;2;0;0;0
3;00;0;-;%z;1957;3;1;0;0;0
4;00;0;RussiaAsia;%z;1991;3;31;2;00s;0
3;00;0;RussiaAsia;%z;1992;1;1;0;0;0
3;00;0;E-EurAsia;%z;1994;9;lastSun;0;0;0
4;00;0;E-EurAsia;%z;1996;10;lastSun;0;0;0
4;00;0;1:00;%z;1997;3;lastSun;0;0;0
4;00;0;E-EurAsia;%z;2004;6;27;0;0;0
3;00;0;RussiaAsia;%z;2005;3;lastSun;2;00;0
4;00;0;-;%z;0;1;1;0;0;0
Zone;Asia/Dili;8;22;20;LMT;1911;12;31
8;00;0;-;%z;1942;2;21;23;00;0
9;00;0;-;%z;1976;5;3;0;0;0
8;00;0;-;%z;2000;9;17;0;00;0
9;00;0;-;%z;0;1;1;0;0;0
Zone;Asia/Kolkata;5;53;28;LMT;1854;6;28
5;53;20;-;HMT;1870;1;1;0;0;0
5;21;10;-;MMT;1906;1;1;0;0;0
5;30;0;-;IST;1941;10;1;0;0;0
5;30;0;1:00;%z;1942;5;15;0;0;0
5;30;0;-;IST;1942;9;1;0;0;0
5;30;0;1:00;%z;1945;10;15;0;0;0
5;30;0;-;IST;0;1;1;0;0;0
Zone;Asia/Jakarta;7;07;12;LMT;1867;8;10
7;07;12;-;BMT;1923;12;31;16;40u;0
7;20;0;-;%z;1932;11;1;0;0;0
7;30;0;-;%z;1942;3;23;0;0;0
9;00;0;-;%z;1945;9;23;0;0;0
7;30;0;-;%z;1948;5;1;0;0;0
8;00;0;-;%z;1950;5;1;0;0;0
7;30;0;-;%z;1964;1;1;0;0;0
7;00;0;-;WIB;0;1;1;0;0;0
Zone;Asia/Pontianak;7;17;20;LMT;1908;5;1
7;17;20;-;PMT;1932;11;1;0;0;0
7;30;0;-;%z;1942;1;29;0;0;0
9;00;0;-;%z;1945;9;23;0;0;0
7;30;0;-;%z;1948;5;1;0;0;0
8;00;0;-;%z;1950;5;1;0;0;0
7;30;0;-;%z;1964;1;1;0;0;0
8;00;0;-;WITA;1988;1;1;0;0;0
7;00;0;-;WIB;0;1;1;0;0;0
Zone;Asia/Makassar;7;57;36;LMT;1920;1;1
7;57;36;-;MMT;1932;11;1;0;0;0
8;00;0;-;%z;1942;2;9;0;0;0
9;00;0;-;%z;1945;9;23;0;0;0
8;00;0;-;WITA;0;1;1;0;0;0
Zone;Asia/Jayapura;9;22;48;LMT;1932;11;1
9;00;0;-;%z;1944;9;1;0;0;0
9;30;0;-;%z;1964;1;1;0;0;0
9;00;0;-;WIT;0;1;1;0;0;0
Zone;Asia/Tehran;3;25;44;LMT;1916;1;1
3;25;44;-;TMT;1935;6;13;0;0;0
3;30;0;Iran;%z;1977;10;20;24;00;0
4;00;0;Iran;%z;1979;1;1;0;0;0
3;30;0;Iran;%z;0;1;1;0;0;0
Zone;Asia/Baghdad;2;57;40;LMT;1890;1;1
2;57;36;-;BMT;1918;1;1;0;0;0
3;00;0;-;%z;1982;5;1;0;0;0
3;00;0;Iraq;%z;0;1;1;0;0;0
Zone;Asia/Jerusalem;2;20;54;LMT;1880;1;1
2;20;40;-;JMT;1918;1;1;0;0;0
2;00;0;Zion;I%sT;0;1;1;0;0;0
Zone;Asia/Tokyo;9;18;59;LMT;1887;12;31
9;00;0;Japan;J%sT;0;1;1;0;0;0
Zone;Asia/Amman;2;23;44;LMT;1931;1;1
2;00;0;Jordan;EE%sT;2022;10;28;0;00s;0
3;00;0;-;%z;0;1;1;0;0;0
Zone;Asia/Almaty;5;07;48;LMT;1924;5;2
5;00;0;-;%z;1930;6;21;0;0;0
6;00;0;RussiaAsia;%z;1991;3;31;2;00s;0
5;00;0;RussiaAsia;%z;1992;1;19;2;00s;0
6;00;0;RussiaAsia;%z;2004;10;31;2;00s;0
6;00;0;-;%z;2024;3;1;0;00;0
5;00;0;-;%z;0;1;1;0;0;0
Zone;Asia/Qyzylorda;4;21;52;LMT;1924;5;2
4;00;0;-;%z;1930;6;21;0;0;0
5;00;0;-;%z;1981;4;1;0;0;0
5;00;0;1:00;%z;1981;10;1;0;0;0
6;00;0;-;%z;1982;4;1;0;0;0
5;00;0;RussiaAsia;%z;1991;3;31;2;00s;0
4;00;0;RussiaAsia;%z;1991;9;29;2;00s;0
5;00;0;RussiaAsia;%z;1992;1;19;2;00s;0
6;00;0;RussiaAsia;%z;1992;3;29;2;00s;0
5;00;0;RussiaAsia;%z;2004;10;31;2;00s;0
6;00;0;-;%z;2018;12;21;0;00;0
5;00;0;-;%z;0;1;1;0;0;0
Zone;Asia/Qostanay;4;14;28;LMT;1924;5;2
4;00;0;-;%z;1930;6;21;0;0;0
5;00;0;-;%z;1981;4;1;0;0;0
5;00;0;1:00;%z;1981;10;1;0;0;0
6;00;0;-;%z;1982;4;1;0;0;0
5;00;0;RussiaAsia;%z;1991;3;31;2;00s;0
4;00;0;RussiaAsia;%z;1992;1;19;2;00s;0
5;00;0;RussiaAsia;%z;2004;10;31;2;00s;0
6;00;0;-;%z;2024;3;1;0;00;0
5;00;0;-;%z;0;1;1;0;0;0
Zone;Asia/Aqtobe;3;48;40;LMT;1924;5;2
4;00;0;-;%z;1930;6;21;0;0;0
5;00;0;-;%z;1981;4;1;0;0;0
5;00;0;1:00;%z;1981;10;1;0;0;0
6;00;0;-;%z;1982;4;1;0;0;0
5;00;0;RussiaAsia;%z;1991;3;31;2;00s;0
4;00;0;RussiaAsia;%z;1992;1;19;2;00s;0
5;00;0;RussiaAsia;%z;2004;10;31;2;00s;0
5;00;0;-;%z;0;1;1;0;0;0
Zone;Asia/Aqtau;3;21;04;LMT;1924;5;2
4;00;0;-;%z;1930;6;21;0;0;0
5;00;0;-;%z;1981;10;1;0;0;0
6;00;0;-;%z;1982;4;1;0;0;0
5;00;0;RussiaAsia;%z;1991;3;31;2;00s;0
4;00;0;RussiaAsia;%z;1992;1;19;2;00s;0
5;00;0;RussiaAsia;%z;1994;9;25;2;00s;0
4;00;0;RussiaAsia;%z;2004;10;31;2;00s;0
5;00;0;-;%z;0;1;1;0;0;0
Zone;Asia/Atyrau;3;27;44;LMT;1924;5;2
3;00;0;-;%z;1930;6;21;0;0;0
5;00;0;-;%z;1981;10;1;0;0;0
6;00;0;-;%z;1982;4;1;0;0;0
5;00;0;RussiaAsia;%z;1991;3;31;2;00s;0
4;00;0;RussiaAsia;%z;1992;1;19;2;00s;0
5;00;0;RussiaAsia;%z;1999;3;28;2;00s;0
4;00;0;RussiaAsia;%z;2004;10;31;2;00s;0
5;00;0;-;%z;0;1;1;0;0;0
Zone;Asia/Oral;3;25;24;LMT;1924;5;2
3;00;0;-;%z;1930;6;21;0;0;0
5;00;0;-;%z;1981;4;1;0;0;0
5;00;0;1:00;%z;1981;10;1;0;0;0
6;00;0;-;%z;1982;4;1;0;0;0
5;00;0;RussiaAsia;%z;1989;3;26;2;00s;0
4;00;0;RussiaAsia;%z;1992;1;19;2;00s;0
5;00;0;RussiaAsia;%z;1992;3;29;2;00s;0
4;00;0;RussiaAsia;%z;2004;10;31;2;00s;0
5;00;0;-;%z;0;1;1;0;0;0
Zone;Asia/Bishkek;4;58;24;LMT;1924;5;2
5;00;0;-;%z;1930;6;21;0;0;0
6;00;0;RussiaAsia;%z;1991;3;31;2;00s;0
5;00;0;RussiaAsia;%z;1991;8;31;2;00;0
5;00;0;Kyrgyz;%z;2005;8;12;0;0;0
6;00;0;-;%z;0;1;1;0;0;0
Zone;Asia/Seoul;8;27;52;LMT;1908;4;1
8;30;0;-;KST;1912;1;1;0;0;0
9;00;0;-;JST;1945;9;8;0;0;0
9;00;0;ROK;K%sT;1954;3;21;0;0;0
8;30;0;ROK;K%sT;1961;8;10;0;0;0
9;00;0;ROK;K%sT;0;1;1;0;0;0
Zone;Asia/Pyongyang;8;23;00;LMT;1908;4;1
8;30;0;-;KST;1912;1;1;0;0;0
9;00;0;-;JST;1945;8;24;0;0;0
9;00;0;-;KST;2015;8;15;00;00;0
8;30;0;-;KST;2018;5;4;23;30;0
9;00;0;-;KST;0;1;1;0;0;0
Zone;Asia/Beirut;2;22;00;LMT;1880;1;1
2;00;0;Lebanon;EE%sT;0;1;1;0;0;0
Zone;Asia/Kuching;7;21;20;LMT;1926;3;1
7;30;0;-;%z;1933;1;1;0;0;0
8;00;0;NBorneo;%z;1942;2;16;0;0;0
9;00;0;-;%z;1945;9;12;0;0;0
8;00;0;-;%z;0;1;1;0;0;0
Zone;Indian/Maldives;4;54;00;LMT;1880;1;1
4;54;00;-;MMT;1960;1;1;0;0;0
5;00;0;-;%z;0;1;1;0;0;0
Zone;Asia/Hovd;6;06;36;LMT;1905;8;1
6;00;0;-;%z;1978;1;1;0;0;0
7;00;0;Mongol;%z;0;1;1;0;0;0
Zone;Asia/Ulaanbaatar;7;07;32;LMT;1905;8;1
7;00;0;-;%z;1978;1;1;0;0;0
8;00;0;Mongol;%z;0;1;1;0;0;0
Zone;Asia/Kathmandu;5;41;16;LMT;1920;1;1
5;30;0;-;%z;1986;1;1;0;0;0
5;45;0;-;%z;0;1;1;0;0;0
Zone;Asia/Karachi;4;28;12;LMT;1907;1;1
5;30;0;-;%z;1942;9;1;0;0;0
5;30;0;1:00;%z;1945;10;15;0;0;0
5;30;0;-;%z;1951;9;30;0;0;0
5;00;0;-;%z;1971;3;26;0;0;0
5;00;0;Pakistan;PK%sT;0;1;1;0;0;0
Zone;Asia/Gaza;2;17;52;LMT;1900;10;1
2;00;0;Zion;EET/EEST;1948;5;15;0;0;0
2;00;0;EgyptAsia;EE%sT;1967;6;5;0;0;0
2;00;0;Zion;I%sT;1996;1;1;0;0;0
2;00;0;Jordan;EE%sT;1999;1;1;0;0;0
2;00;0;Palestine;EE%sT;2008;8;29;0;00;0
2;00;0;-;EET;2008;9;1;0;0;0
2;00;0;Palestine;EE%sT;2010;1;1;0;0;0
2;00;0;-;EET;2010;3;27;0;01;0
2;00;0;Palestine;EE%sT;2011;8;1;0;0;0
2;00;0;-;EET;2012;1;1;0;0;0
2;00;0;Palestine;EE%sT;0;1;1;0;0;0
Zone;Asia/Hebron;2;20;23;LMT;1900;10;1
2;00;0;Zion;EET/EEST;1948;5;15;0;0;0
2;00;0;EgyptAsia;EE%sT;1967;6;5;0;0;0
2;00;0;Zion;I%sT;1996;1;1;0;0;0
2;00;0;Jordan;EE%sT;1999;1;1;0;0;0
2;00;0;Palestine;EE%sT;0;1;1;0;0;0
Zone;Asia/Manila;-15;56;08;LMT;1844;12;31
8;03;52;-;LMT;1899;9;6;4;00u;0
8;00;0;Phil;P%sT;1942;2;11;24;00;0
9;00;0;-;JST;1945;3;4;0;0;0
8;00;0;Phil;P%sT;0;1;1;0;0;0
Zone;Asia/Qatar;3;26;08;LMT;1920;1;1
4;00;0;-;%z;1972;6;1;0;0;0
3;00;0;-;%z;0;1;1;0;0;0
Zone;Asia/Riyadh;3;06;52;LMT;1947;3;14
3;00;0;-;%z;0;1;1;0;0;0
Zone;Asia/Singapore;6;55;25;LMT;1901;1;1
6;55;25;-;SMT;1905;6;1;0;0;0
7;00;0;-;%z;1933;1;1;0;0;0
7;00;0;0:20;%z;1936;1;1;0;0;0
7;20;0;-;%z;1941;9;1;0;0;0
7;30;0;-;%z;1942;2;16;0;0;0
9;00;0;-;%z;1945;9;12;0;0;0
7;30;0;-;%z;1981;12;31;16;00u;0
8;00;0;-;%z;0;1;1;0;0;0
Zone;Asia/Colombo;5;19;24;LMT;1880;1;1
5;19;32;-;MMT;1906;1;1;0;0;0
5;30;0;-;%z;1942;1;5;0;0;0
5;30;0;0:30;%z;1942;9;1;0;0;0
5;30;0;1:00;%z;1945;10;16;2;00;0
5;30;0;-;%z;1996;5;25;0;00;0
6;30;0;-;%z;1996;10;26;0;30;0
6;00;0;-;%z;2006;4;15;0;30;0
5;30;0;-;%z;0;1;1;0;0;0
Zone;Asia/Damascus;2;25;12;LMT;1920;1;1
2;00;0;Syria;EE%sT;2022;10;28;0;00;0
3;00;0;-;%z;0;1;1;0;0;0
Zone;Asia/Dushanbe;4;35;12;LMT;1924;5;2
5;00;0;-;%z;1930;6;21;0;0;0
6;00;0;RussiaAsia;%z;1991;3;31;2;00s;0
5;00;0;1:00;%z;1991;9;9;2;00s;0
5;00;0;-;%z;0;1;1;0;0;0
Zone;Asia/Bangkok;6;42;04;LMT;1880;1;1
6;42;04;-;BMT;1920;4;1;0;0;0
7;00;0;-;%z;0;1;1;0;0;0
Zone;Asia/Ashgabat;3;53;32;LMT;1924;5;2
4;00;0;-;%z;1930;6;21;0;0;0
5;00;0;RussiaAsia;%z;1991;3;31;2;00;0
4;00;0;RussiaAsia;%z;1992;1;19;2;00;0
5;00;0;-;%z;0;1;1;0;0;0
Zone;Asia/Dubai;3;41;12;LMT;1920;1;1
4;00;0;-;%z;0;1;1;0;0;0
Zone;Asia/Samarkand;4;27;53;LMT;1924;5;2
4;00;0;-;%z;1930;6;21;0;0;0
5;00;0;-;%z;1981;4;1;0;0;0
5;00;0;1:00;%z;1981;10;1;0;0;0
6;00;0;-;%z;1982;4;1;0;0;0
5;00;0;RussiaAsia;%z;1992;1;1;0;0;0
5;00;0;-;%z;0;1;1;0;0;0
Zone;Asia/Tashkent;4;37;11;LMT;1924;5;2
5;00;0;-;%z;1930;6;21;0;0;0
6;00;0;RussiaAsia;%z;1991;3;31;2;00;0
5;00;0;RussiaAsia;%z;1992;1;1;0;0;0
5;00;0;-;%z;0;1;1;0;0;0
Zone;Asia/Ho_Chi_Minh;7;06;30;LMT;1906;7;1
7;06;30;-;PLMT;1911;5;1;0;0;0
7;00;0;-;%z;1942;12;31;23;00;0
8;00;0;-;%z;1945;3;14;23;00;0
9;00;0;-;%z;1945;9;1;24;00;0
7;00;0;-;%z;1947;4;1;0;0;0
8;00;0;-;%z;1955;7;1;01;00;0
7;00;0;-;%z;1959;12;31;23;00;0
8;00;0;-;%z;1975;6;13;0;0;0
7;00;0;-;%z;0;1;1;0;0;0
Zone;Australia/Darwin;8;43;20;LMT;1895;2;1
9;00;0;-;ACST;1899;5;1;0;0;0
9;30;0;Aus;AC%sT;0;1;1;0;0;0
Zone;Australia/Perth;7;43;24;LMT;1895;12;1
8;00;0;Aus;AW%sT;1943;7;1;0;0;0
8;00;0;AW;AW%sT;0;1;1;0;0;0
Zone;Australia/Eucla;8;35;28;LMT;1895;12;1
8;45;0;Aus;%z;1943;7;1;0;0;0
8;45;0;AW;%z;0;1;1;0;0;0
Zone;Australia/Brisbane;10;12;08;LMT;1895;1;1
10;00;0;Aus;AE%sT;1971;1;1;0;0;0
10;00;0;AQ;AE%sT;0;1;1;0;0;0
Zone;Australia/Lindeman;9;55;56;LMT;1895;1;1
10;00;0;Aus;AE%sT;1971;1;1;0;0;0
10;00;0;AQ;AE%sT;1992;7;1;0;0;0
10;00;0;Holiday;AE%sT;0;1;1;0;0;0
Zone;Australia/Adelaide;9;14;20;LMT;1895;2;1
9;00;0;-;ACST;1899;5;1;0;0;0
9;30;0;Aus;AC%sT;1971;1;1;0;0;0
9;30;0;AS;AC%sT;0;1;1;0;0;0
Zone;Australia/Hobart;9;49;16;LMT;1895;9;1
10;00;0;AT;AE%sT;1919;10;24;0;0;0
10;00;0;Aus;AE%sT;1967;1;1;0;0;0
10;00;0;AT;AE%sT;0;1;1;0;0;0
Zone;Australia/Melbourne;9;39;52;LMT;1895;2;1
10;00;0;Aus;AE%sT;1971;1;1;0;0;0
10;00;0;AV;AE%sT;0;1;1;0;0;0
Zone;Australia/Sydney;10;04;52;LMT;1895;2;1
10;00;0;Aus;AE%sT;1971;1;1;0;0;0
10;00;0;AN;AE%sT;0;1;1;0;0;0
Zone;Australia/Broken_Hill;9;25;48;LMT;1895;2;1
10;00;0;-;AEST;1896;8;23;0;0;0
9;00;0;-;ACST;1899;5;1;0;0;0
9;30;0;Aus;AC%sT;1971;1;1;0;0;0
9;30;0;AN;AC%sT;2000;1;1;0;0;0
9;30;0;AS;AC%sT;0;1;1;0;0;0
Zone;Australia/Lord_Howe;10;36;20;LMT;1895;2;1
10;00;0;-;AEST;1981;3;1;0;0;0
10;30;0;LH;%z;1985;7;1;0;0;0
10;30;0;LH;%z;0;1;1;0;0;0
Zone;Antarctica/Macquarie;0;0;0;-00;1899;11;1
10;00;0;-;AEST;1916;10;1;2;00;0
10;00;0;1:00;AEDT;1917;2;1;0;0;0
10;00;0;Aus;AE%sT;1919;4;1;0;00s;0
0;0;0;-;-00;1948;3;25;0;0;0
10;00;0;Aus;AE%sT;1967;1;1;0;0;0
10;00;0;AT;AE%sT;2010;1;1;0;0;0
10;00;0;1:00;AEDT;2011;1;1;0;0;0
10;00;0;AT;AE%sT;0;1;1;0;0;0
Zone;Pacific/Fiji;11;55;44;LMT;1915;10;26
12;00;0;Fiji;%z;0;1;1;0;0;0
Zone;Pacific/Gambier;-8;59;48;LMT;1912;10;1
-9;00;0;-;%z;0;1;1;0;0;0
Zone;Pacific/Marquesas;-9;18;00;LMT;1912;10;1
-9;30;0;-;%z;0;1;1;0;0;0
Zone;Pacific/Tahiti;-9;58;16;LMT;1912;10;1
-10;00;0;-;%z;0;1;1;0;0;0
Zone;Pacific/Guam;-14;21;00;LMT;1844;12;31
9;39;00;-;LMT;1901;1;1;0;0;0
10;00;0;-;GST;1941;12;10;0;0;0
9;00;0;-;%z;1944;7;31;0;0;0
10;00;0;Guam;G%sT;2000;12;23;0;0;0
10;00;0;-;ChST;0;1;1;0;0;0
Zone;Pacific/Tarawa;11;32;04;LMT;1901;1;1
12;00;0;-;%z;0;1;1;0;0;0
Zone;Pacific/Kanton;0;0;0;-00;1937;8;31
-12;00;0;-;%z;1979;10;1;0;0;0
-11;00;0;-;%z;1994;12;31;0;0;0
13;00;0;-;%z;0;1;1;0;0;0
Zone;Pacific/Kiritimati;-10;29;20;LMT;1901;1;1
-10;40;0;-;%z;1979;10;1;0;0;0
-10;00;0;-;%z;1994;12;31;0;0;0
14;00;0;-;%z;0;1;1;0;0;0
Zone;Pacific/Kwajalein;11;09;20;LMT;1901;1;1
11;00;0;-;%z;1937;1;1;0;0;0
10;00;0;-;%z;1941;4;1;0;0;0
9;00;0;-;%z;1944;2;6;0;0;0
11;00;0;-;%z;1969;10;1;0;0;0
-12;00;0;-;%z;1993;8;20;24;00;0
12;00;0;-;%z;0;1;1;0;0;0
Zone;Pacific/Kosrae;-13;08;04;LMT;1844;12;31
10;51;56;-;LMT;1901;1;1;0;0;0
11;00;0;-;%z;1914;10;1;0;0;0
9;00;0;-;%z;1919;2;1;0;0;0
11;00;0;-;%z;1937;1;1;0;0;0
10;00;0;-;%z;1941;4;1;0;0;0
9;00;0;-;%z;1945;8;1;0;0;0
11;00;0;-;%z;1969;10;1;0;0;0
12;00;0;-;%z;1999;1;1;0;0;0
11;00;0;-;%z;0;1;1;0;0;0
Zone;Pacific/Nauru;11;07;40;LMT;1921;1;15
11;30;0;-;%z;1942;8;29;0;0;0
9;00;0;-;%z;1945;9;8;0;0;0
11;30;0;-;%z;1979;2;10;2;00;0
12;00;0;-;%z;0;1;1;0;0;0
Zone;Pacific/Noumea;11;05;48;LMT;1912;1;13
11;00;0;NC;%z;0;1;1;0;0;0
Zone;Pacific/Auckland;11;39;04;LMT;1868;11;2
11;30;0;NZ;NZ%sT;1946;1;1;0;0;0
12;00;0;NZ;NZ%sT;0;1;1;0;0;0
Zone;Pacific/Chatham;12;13;48;LMT;1868;11;2
12;15;0;-;%z;1946;1;1;0;0;0
12;45;0;Chatham;%z;0;1;1;0;0;0
Zone;Pacific/Rarotonga;13;20;56;LMT;1899;12;26
-10;39;04;-;LMT;1952;10;16;0;0;0
-10;30;0;-;%z;1978;11;12;0;0;0
-10;00;0;Cook;%z;0;1;1;0;0;0
Zone;Pacific/Niue;-11;19;40;LMT;1952;10;16
-11;20;0;-;%z;1964;7;1;0;0;0
-11;00;0;-;%z;0;1;1;0;0;0
Zone;Pacific/Norfolk;11;11;52;LMT;1901;1;1
11;12;0;-;%z;1951;1;1;0;0;0
11;30;0;-;%z;1974;10;27;02;00s;0
11;30;0;1:00;%z;1975;3;2;02;00s;0
11;30;0;-;%z;2015;10;4;02;00s;0
11;00;0;-;%z;2019;7;1;0;0;0
11;00;0;AN;%z;0;1;1;0;0;0
Zone;Pacific/Palau;-15;02;04;LMT;1844;12;31
8;57;56;-;LMT;1901;1;1;0;0;0
9;00;0;-;%z;0;1;1;0;0;0
Zone;Pacific/Port_Moresby;9;48;40;LMT;1880;1;1
9;48;32;-;PMMT;1895;1;1;0;0;0
10;00;0;-;%z;0;1;1;0;0;0
Zone;Pacific/Bougainville;10;22;16;LMT;1880;1;1
9;48;32;-;PMMT;1895;1;1;0;0;0
10;00;0;-;%z;1942;7;1;0;0;0
9;00;0;-;%z;1945;8;21;0;0;0
10;00;0;-;%z;2014;12;28;2;00;0
11;00;0;-;%z;0;1;1;0;0;0
Zone;Pacific/Pitcairn;-8;40;20;LMT;1901;1;1
-8;30;0;-;%z;1998;4;27;0;00;0
-8;00;0;-;%z;0;1;1;0;0;0
Zone;Pacific/Pago_Pago;12;37;12;LMT;1892;7;5
-11;22;48;-;LMT;1911;1;1;0;0;0
-11;00;0;-;SST;0;1;1;0;0;0
Zone;Pacific/Apia;12;33;04;LMT;1892;7;5
-11;26;56;-;LMT;1911;1;1;0;0;0
-11;30;0;-;%z;1950;1;1;0;0;0
-11;00;0;WS;%z;2011;12;29;24;00;0
13;00;0;WS;%z;0;1;1;0;0;0
Zone;Pacific/Guadalcanal;10;39;48;LMT;1912;10;1
11;00;0;-;%z;0;1;1;0;0;0
Zone;Pacific/Fakaofo;-11;24;56;LMT;1901;1;1
-11;00;0;-;%z;2011;12;30;0;0;0
13;00;0;-;%z;0;1;1;0;0;0
Zone;Pacific/Tongatapu;12;19;12;LMT;1945;9;10
12;20;0;-;%z;1961;1;1;0;0;0
13;00;0;-;%z;1999;1;1;0;0;0
13;00;0;Tonga;%z;0;1;1;0;0;0
Zone;Pacific/Efate;11;13;16;LMT;1912;1;13
11;00;0;Vanuatu;%z;0;1;1;0;0;0
Zone;Africa/Accra;-0;00;52;LMT;1915;11;2
0;00;0;Ghana;%s;1942;2;8;0;0;0
0;30;0;-;+0030;1946;1;6;0;0;0
0;00;0;Ghana;%s;0;1;1;0;0;0
Zone;Africa/Addis_Ababa;2;34;48;LMT;1870;1;1
2;35;20;-;ADMT;1936;5;5;0;0;0
3;00;0;-;EAT;0;1;1;0;0;0
Zone;Africa/Asmara;2;35;32;LMT;1870;1;1
2;35;32;-;AMT;1890;1;1;0;0;0
2;35;20;-;ADMT;1936;5;5;0;0;0
3;00;0;-;EAT;0;1;1;0;0;0
Zone;Africa/Bamako;-0;32;00;LMT;1912;1;1
0;00;0;-;GMT;1934;2;26;0;0;0
-1;00;0;-;-01;1960;6;20;0;0;0
0;00;0;-;GMT;0;1;1;0;0;0
Zone;Africa/Bangui;1;14;20;LMT;1912;1;1
1;00;0;-;WAT;0;1;1;0;0;0
Zone;Africa/Banjul;-1;06;36;LMT;1912;1;1
-1;06;36;-;BMT;1933;4;1;0;0;0
-1;00;0;-;-01;1942;2;1;0;00;0
0;00;0;-;GMT;0;1;1;0;0;0
Zone;Africa/Blantyre;2;20;00;LMT;1911;7;24
2;21;10;-;ZMT;1914;6;30;0;0;0
2;21;0;-;ZMT;1925;7;1;0;0;0
2;00;0;-;CAT;0;1;1;0;0;0
Zone;Africa/Brazzaville;1;01;08;LMT;1912;1;1
1;00;0;-;WAT;0;1;1;0;0;0
Zone;Africa/Bujumbura;1;57;28;LMT;1890;1;1
2;00;0;-;CAT;0;1;1;0;0;0
Zone;Africa/Conakry;-0;54;52;LMT;1912;1;1
0;00;0;-;GMT;1934;2;26;0;0;0
-1;00;0;-;-01;1960;1;1;0;0;0
0;00;0;-;GMT;0;1;1;0;0;0
Zone;Africa/Dakar;-1;09;44;LMT;1912;1;1
-1;00;0;-;-01;1941;6;1;0;0;0
0;00;0;-;GMT;0;1;1;0;0;0
Zone;Africa/Dar_es_Salaam;2;37;08;LMT;1931;1;1
3;00;0;-;EAT;1948;1;1;0;0;0
2;45;0;-;+0245;1961;1;1;0;0;0
3;00;0;-;EAT;0;1;1;0;0;0
Zone;Africa/Djibouti;2;52;36;LMT;1911;7;1
3;00;0;-;EAT;0;1;1;0;0;0
Zone;Africa/Douala;0;38;48;LMT;1912;1;1
1;00;0;-;WAT;0;1;1;0;0;0
Zone;Africa/Freetown;-0;53;00;LMT;1882;1;1
-0;53;00;-;FMT;1913;7;1;0;0;0
-1;00;0;SL;%s;1939;9;5;0;0;0
-1;00;0;-;-01;1941;12;6;24;00;0
0;00;0;-;GMT;0;1;1;0;0;0
Zone;Africa/Gaborone;1;43;40;LMT;1885;1;1
1;30;0;-;SAST;1903;3;1;0;0;0
2;00;0;-;CAT;1943;9;19;2;00;0
2;00;0;1:00;CAST;1944;3;19;2;00;0
2;00;0;-;CAT;0;1;1;0;0;0
Zone;Africa/Harare;2;04;12;LMT;1903;3;1
2;00;0;-;CAT;0;1;1;0;0;0
Zone;Africa/Kampala;2;09;40;LMT;1928;7;1
3;00;0;-;EAT;1930;1;1;0;0;0
2;30;0;-;+0230;1948;1;1;0;0;0
2;45;0;-;+0245;1957;1;1;0;0;0
3;00;0;-;EAT;0;1;1;0;0;0
Zone;Africa/Kigali;2;00;16;LMT;1935;6;1
2;00;0;-;CAT;0;1;1;0;0;0
Zone;Africa/Kinshasa;1;01;12;LMT;1897;11;9
1;00;0;-;WAT;0;1;1;0;0;0
Zone;Africa/Libreville;0;37;48;LMT;1912;1;1
1;00;0;-;WAT;0;1;1;0;0;0
Zone;Africa/Lome;0;04;52;LMT;1893;1;1
0;00;0;-;GMT;0;1;1;0;0;0
Zone;Africa/Luanda;0;52;56;LMT;1892;1;1
0;52;04;-;LMT;1911;12;31;23;00u;0
1;00;0;-;WAT;0;1;1;0;0;0
Zone;Africa/Lubumbashi;1;49;52;LMT;1897;11;9
1;00;0;-;WAT;1920;4;25;0;0;0
2;00;0;-;CAT;0;1;1;0;0;0
Zone;Africa/Lusaka;1;53;08;LMT;1903;3;1
2;00;0;-;CAT;0;1;1;0;0;0
Zone;Africa/Malabo;0;35;08;LMT;1912;1;1
0;00;0;-;GMT;1963;12;15;0;0;0
1;00;0;-;WAT;0;1;1;0;0;0
Zone;Africa/Maseru;1;50;00;LMT;1903;3;1
2;00;0;-;SAST;1943;9;19;2;00;0
2;00;0;1:00;SAST;1944;3;19;2;00;0
2;00;0;-;SAST;0;1;1;0;0;0
Zone;Africa/Mbabane;2;04;24;LMT;1903;3;1
2;00;0;-;SAST;0;1;1;0;0;0
Zone;Africa/Mogadishu;3;01;28;LMT;1893;11;1
3;00;0;-;EAT;1931;1;1;0;0;0
2;30;0;-;+0230;1957;1;1;0;0;0
3;00;0;-;EAT;0;1;1;0;0;0
Zone;Africa/Niamey;0;08;28;LMT;1912;1;1
-1;00;0;-;-01;1934;2;26;0;0;0
0;00;0;-;GMT;1960;1;1;0;0;0
1;00;0;-;WAT;0;1;1;0;0;0
Zone;Africa/Nouakchott;-1;03;48;LMT;1912;1;1
0;00;0;-;GMT;1934;2;26;0;0;0
-1;00;0;-;-01;1960;11;28;0;0;0
0;00;0;-;GMT;0;1;1;0;0;0
Zone;Africa/Ouagadougou;-0;06;04;LMT;1912;1;1
0;00;0;-;GMT;0;1;1;0;0;0
Zone;Africa/Porto-Novo;0;10;28;LMT;1912;1;1
0;00;0;-;GMT;1934;2;26;0;0;0
1;00;0;-;WAT;0;1;1;0;0;0
Zone;Africa/Timbuktu;-0;12;04;LMT;1912;1;1
0;00;0;-;GMT;0;1;1;0;0;0
Zone;America/Anguilla;-4;12;16;LMT;1912;3;2
-4;00;0;-;AST;0;1;1;0;0;0
Zone;America/Antigua;-4;07;12;LMT;1912;3;2
-5;00;0;-;EST;1951;1;1;0;0;0
-4;00;0;-;AST;0;1;1;0;0;0
Zone;America/Argentina/ComodRivadavia;-4;30;00;LMT;1894;10;31
-4;16;48;-;CMT;1920;5;1;0;0;0
-4;00;0;-;-04;1930;12;1;0;0;0
-4;00;0;Arg;-04/-03;1969;10;5;0;0;0
-3;00;0;Arg;-03/-02;1991;3;3;0;0;0
-4;00;0;-;-04;1991;10;20;0;0;0
-3;00;0;Arg;-03/-02;1999;10;3;0;0;0
-4;00;0;Arg;-04/-03;2000;3;3;0;0;0
-3;00;0;-;-03;2004;6;1;0;0;0
-4;00;0;-;-04;2004;6;20;0;0;0
-3;00;0;-;-03;0;1;1;0;0;0
Zone;America/Aruba;-4;40;24;LMT;1912;2;12
-4;30;0;-;-0430;1965;1;1;0;0;0
-4;00;0;-;AST;0;1;1;0;0;0
Zone;America/Atikokan;-6;06;28;LMT;1895;1;1
-6;00;0;Canada;C%sT;1940;9;29;0;0;0
-6;00;0;1:00;CDT;1942;2;9;2;00s;0
-6;00;0;Canada;C%sT;1945;9;30;2;00;0
-5;00;0;-;EST;0;1;1;0;0;0
Zone;America/Blanc-Sablon;-3;48;28;LMT;1884;1;1
-4;00;0;Canada;A%sT;1970;1;1;0;0;0
-4;00;0;-;AST;0;1;1;0;0;0
Zone;America/Cayman;-5;25;32;LMT;1890;1;1
-5;07;10;-;KMT;1912;2;1;0;0;0
-5;00;0;-;EST;0;1;1;0;0;0
Zone;America/Coral_Harbour;-5;32;40;LMT;1884;1;1
-5;00;0;NT_YK;E%sT;1946;1;1;0;0;0
-5;00;0;-;EST;0;1;1;0;0;0
Zone;America/Creston;-7;46;04;LMT;1884;1;1
-7;00;0;-;MST;1916;10;1;0;0;0
-8;00;0;-;PST;1918;6;2;0;0;0
-7;00;0;-;MST;0;1;1;0;0;0
Zone;America/Curacao;-4;35;47;LMT;1912;2;12
-4;30;0;-;-0430;1965;1;1;0;0;0
-4;00;0;-;AST;0;1;1;0;0;0
Zone;America/Dominica;-4;05;36;LMT;1911;7;1
-4;00;0;-;AST;0;1;1;0;0;0
Zone;America/Ensenada;-7;46;28;LMT;1922;1;1
-8;00;0;-;PST;1927;6;10;23;00;0
-7;00;0;-;MST;1930;11;16;0;0;0
-8;00;0;-;PST;1942;4;1;0;0;0
-7;00;0;-;MST;1949;1;14;0;0;0
-8;00;0;-;PST;1996;1;1;0;0;0
-8;00;0;Mexico;P%sT;0;1;1;0;0;0
Zone;America/Grenada;-4;07;00;LMT;1911;7;1
-4;00;0;-;AST;0;1;1;0;0;0
Zone;America/Guadeloupe;-4;06;08;LMT;1911;6;8
-4;00;0;-;AST;0;1;1;0;0;0
Zone;America/Montreal;-4;54;16;LMT;1884;1;1
-5;00;0;Mont;E%sT;1918;1;1;0;0;0
-5;00;0;Canada;E%sT;1919;1;1;0;0;0
-5;00;0;Mont;E%sT;1942;2;9;2;00s;0
-5;00;0;Canada;E%sT;1946;1;1;0;0;0
-5;00;0;Mont;E%sT;1974;1;1;0;0;0
-5;00;0;Canada;E%sT;0;1;1;0;0;0
Zone;America/Montserrat;-4;08;52;LMT;1911;7;1
-4;00;0;-;AST;0;1;1;0;0;0
Zone;America/Nassau;-5;09;30;LMT;1912;3;2
-5;00;0;Bahamas;E%sT;1976;1;1;0;0;0
-5;00;0;US;E%sT;0;1;1;0;0;0
Zone;America/Nipigon;-5;53;04;LMT;1895;1;1
-5;00;0;Canada;E%sT;1940;9;29;0;0;0
-5;00;0;1:00;EDT;1942;2;9;2;00s;0
-5;00;0;Canada;E%sT;0;1;1;0;0;0
Zone;America/Pangnirtung;0;0;0;-00;1921;1;1
-5;00;0;NT_YK;E%sT;1999;10;31;2;00;0
-6;00;0;Canada;C%sT;2000;10;29;2;00;0
-5;00;0;Canada;E%sT;0;1;1;0;0;0
Zone;America/Port_of_Spain;-4;06;04;LMT;1912;3;2
-4;00;0;-;AST;0;1;1;0;0;0
Zone;America/Rainy_River;-6;18;16;LMT;1895;1;1
-6;00;0;Canada;C%sT;1940;9;29;0;0;0
-6;00;0;1:00;CDT;1942;2;9;2;00s;0
-6;00;0;Canada;C%sT;0;1;1;0;0;0
Zone;America/Rosario;-4;02;40;LMT;1894;11;1
-4;16;44;-;CMT;1920;5;1;0;0;0
-4;00;0;-;-04;1930;12;1;0;0;0
-4;00;0;Arg;-04/-03;1969;10;5;0;0;0
-3;00;0;Arg;-03/-02;1991;7;1;0;0;0
-3;00;0;-;-03;1999;10;3;0;00;0
-4;00;0;Arg;-04/-03;2000;3;3;0;00;0
-3;00;0;-;-03;0;1;1;0;0;0
Zone;America/St_Kitts;-4;10;52;LMT;1912;3;2
-4;00;0;-;AST;0;1;1;0;0;0
Zone;America/St_Lucia;-4;04;00;LMT;1890;1;1
-4;04;00;-;CMT;1912;1;1;0;0;0
-4;00;0;-;AST;0;1;1;0;0;0
Zone;America/St_Thomas;-4;19;44;LMT;1911;7;1
-4;00;0;-;AST;0;1;1;0;0;0
Zone;America/St_Vincent;-4;04;56;LMT;1890;1;1
-4;04;56;-;KMT;1912;1;1;0;0;0
-4;00;0;-;AST;0;1;1;0;0;0
Zone;America/Thunder_Bay;-5;57;00;LMT;1895;1;1
-6;00;0;-;CST;1910;1;1;0;0;0
-5;00;0;-;EST;1942;1;1;0;0;0
-5;00;0;Canada;E%sT;1970;1;1;0;0;0
-5;00;0;Toronto;E%sT;1974;1;1;0;0;0
-5;00;0;Canada;E%sT;0;1;1;0;0;0
Zone;America/Tortola;-4;18;28;LMT;1911;7;1
-4;00;0;-;AST;0;1;1;0;0;0
Zone;America/Yellowknife;0;0;0;-00;1935;1;1
-7;00;0;NT_YK;M%sT;1980;1;1;0;0;0
-7;00;0;Canada;M%sT;0;1;1;0;0;0
Zone;Antarctica/DumontDUrville;0;0;0;-00;1947;1;1
10;00;0;-;+10;1952;1;14;0;0;0
0;0;0;-;-00;1956;11;1;0;0;0
10;00;0;-;+10;0;1;1;0;0;0
Zone;Antarctica/McMurdo;0;0;0;-00;1956;1;1
12;00;0;NZ;NZ%sT;0;1;1;0;0;0
Zone;Antarctica/Syowa;0;0;0;-00;1957;1;29
3;00;0;-;+03;0;1;1;0;0;0
Zone;Asia/Aden;2;59;54;LMT;1950;1;1
3;00;0;-;+03;0;1;1;0;0;0
Zone;Asia/Bahrain;3;22;20;LMT;1941;7;20
3;30;0;-;+0330;1944;1;1;0;0;0
4;00;0;-;+04;1972;6;1;0;0;0
3;00;0;-;+03;0;1;1;0;0;0
Zone;Asia/Brunei;7;39;40;LMT;1926;3;1
7;30;0;-;+0730;1933;1;1;0;0;0
8;00;0;-;+08;0;1;1;0;0;0
Zone;Asia/Chongqing;7;06;20;LMT;1928;1;1
7;00;0;-;+07;1980;5;1;0;0;0
8;00;0;PRC;C%sT;0;1;1;0;0;0
Zone;Asia/Hanoi;7;03;24;LMT;1906;7;1
7;06;30;-;PLMT;1911;5;1;0;0;0
7;00;0;-;+07;1942;12;31;23;00;0
8;00;0;-;+08;1945;3;14;23;00;0
9;00;0;-;+09;1945;9;2;0;0;0
7;00;0;-;+07;1947;4;1;0;0;0
8;00;0;-;+08;1954;10;1;0;0;0
7;00;0;-;+07;0;1;1;0;0;0
Zone;Asia/Harbin;8;26;44;LMT;1928;1;1
8;30;0;-;+0830;1932;3;1;0;0;0
8;00;0;-;CST;1940;1;1;0;0;0
9;00;0;-;+09;1966;5;1;0;0;0
8;30;0;-;+0830;1980;5;1;0;0;0
8;00;0;PRC;C%sT;0;1;1;0;0;0
Zone;Asia/Kashgar;5;03;56;LMT;1928;1;1
5;30;0;-;+0530;1940;1;1;0;0;0
5;00;0;-;+05;1980;5;1;0;0;0
8;00;0;PRC;C%sT;0;1;1;0;0;0
Zone;Asia/Kuala_Lumpur;6;46;46;LMT;1901;1;1
6;55;25;-;SMT;1905;6;1;0;0;0
7;00;0;-;+07;1933;1;1;0;0;0
7;00;0;0:20;+0720;1936;1;1;0;0;0
7;20;0;-;+0720;1941;9;1;0;0;0
7;30;0;-;+0730;1942;2;16;0;0;0
9;00;0;-;+09;1945;9;12;0;0;0
7;30;0;-;+0730;1981;12;31;16;00u;0
8;00;0;-;+08;0;1;1;0;0;0
Zone;Asia/Kuwait;3;11;56;LMT;1950;1;1
3;00;0;-;+03;0;1;1;0;0;0
Zone;Asia/Muscat;3;54;24;LMT;1920;1;1
4;00;0;-;+04;0;1;1;0;0;0
Zone;Asia/Phnom_Penh;6;59;40;LMT;1906;7;1
7;06;30;-;PLMT;1911;5;1;0;0;0
7;00;0;-;+07;1942;12;31;23;00;0
8;00;0;-;+08;1945;3;14;23;00;0
9;00;0;-;+09;1945;9;2;0;0;0
7;00;0;-;+07;0;1;1;0;0;0
Zone;Asia/Tel_Aviv;2;19;04;LMT;1880;1;1
2;21;0;-;JMT;1918;1;1;0;0;0
2;00;0;Zion;I%sT;0;1;1;0;0;0
Zone;Asia/Vientiane;6;50;24;LMT;1906;7;1
7;06;30;-;PLMT;1911;5;1;0;0;0
7;00;0;-;+07;1942;12;31;23;00;0
8;00;0;-;+08;1945;3;14;23;00;0
9;00;0;-;+09;1945;9;2;0;0;0
7;00;0;-;+07;1947;4;1;0;0;0
8;00;0;-;+08;1955;4;15;0;0;0
7;00;0;-;+07;0;1;1;0;0;0
Zone;Atlantic/Jan_Mayen;-1;00;0;-01;0;1;1
Zone;Atlantic/Reykjavik;-1;28;0;LMT;1908;1;1
-1;00;0;Iceland;-01/+00;1968;4;7;1;00s;0
0;00;0;-;GMT;0;1;1;0;0;0
Zone;Atlantic/St_Helena;-0;22;48;LMT;1890;1;1
-0;22;48;-;JMT;1951;1;1;0;0;0
0;00;0;-;GMT;0;1;1;0;0;0
Zone;Australia/Currie;9;35;28;LMT;1895;9;1
10;00;0;AT;AE%sT;1919;10;24;0;0;0
10;00;0;Aus;AE%sT;1968;10;15;0;0;0
10;00;0;AT;AE%sT;0;1;1;0;0;0
Zone;Europe/Amsterdam;0;19;32;LMT;1835;1;1
0;19;32;Neth;%s;1937;7;1;0;0;0
0;20;0;Neth;+0020/+0120;1940;5;16;0;00;0
1;00;0;C-Eur;CE%sT;1945;4;2;2;00;0
1;00;0;Neth;CE%sT;1977;1;1;0;0;0
1;00;0;EU;CE%sT;0;1;1;0;0;0
Zone;Europe/Belfast;-0;23;40;LMT;1880;8;2
-0;25;21;-;DMT;1916;5;21;2;00;0
-0;25;21;1:00;IST;1916;10;1;2;00s;0
0;00;0;GB-Eire;%s;1968;10;27;0;0;0
1;00;0;-;BST;1971;10;31;2;00u;0
0;00;0;GB-Eire;%s;1996;1;1;0;0;0
0;00;0;EU;GMT/BST;0;1;1;0;0;0
Zone;Europe/Copenhagen;0;50;20;LMT;1890;1;1
0;50;20;-;CMT;1894;1;1;0;0;0
1;00;0;Denmark;CE%sT;1942;11;2;2;00s;0
1;00;0;C-Eur;CE%sT;1945;4;2;2;00;0
1;00;0;Denmark;CE%sT;1980;1;1;0;0;0
1;00;0;EU;CE%sT;0;1;1;0;0;0
Zone;Europe/Guernsey;-0;10;09;LMT;1913;6;18
0;00;0;GB-Eire;%s;1940;7;2;0;0;0
1;00;0;C-Eur;CE%sT;1945;5;8;0;0;0
0;00;0;GB-Eire;%s;1968;10;27;0;0;0
1;00;0;-;BST;1971;10;31;2;00u;0
0;00;0;GB-Eire;%s;1996;1;1;0;0;0
0;00;0;EU;GMT/BST;0;1;1;0;0;0
Zone;Europe/Isle_of_Man;-0;17;55;LMT;1883;3;30
0;00;0;GB-Eire;%s;1968;10;27;0;0;0
1;00;0;-;BST;1971;10;31;2;00u;0
0;00;0;GB-Eire;%s;1996;1;1;0;0;0
0;00;0;EU;GMT/BST;0;1;1;0;0;0
Zone;Europe/Jersey;-0;08;26;LMT;1898;6;11
0;00;0;GB-Eire;%s;1940;7;2;0;0;0
1;00;0;C-Eur;CE%sT;1945;5;8;0;0;0
0;00;0;GB-Eire;%s;1968;10;27;0;0;0
1;00;0;-;BST;1971;10;31;2;00u;0
0;00;0;GB-Eire;%s;1996;1;1;0;0;0
0;00;0;EU;GMT/BST;0;1;1;0;0;0
Zone;Europe/Ljubljana;0;58;04;LMT;1884;1;1
1;00;0;-;CET;1941;4;18;23;00;0
1;00;0;C-Eur;CE%sT;1945;5;8;2;00s;0
1;00;0;1:00;CEST;1945;9;16;2;00s;0
1;00;0;-;CET;1982;11;27;0;0;0
1;00;0;EU;CE%sT;0;1;1;0;0;0
Zone;Europe/Luxembourg;0;24;36;LMT;1904;6;1
1;00;0;Lux;CE%sT;1918;11;25;0;0;0
0;00;0;Lux;WE%sT;1929;10;6;2;00s;0
0;00;0;Belgium;WE%sT;1940;5;14;3;00;0
1;00;0;C-Eur;WE%sT;1944;9;18;3;00;0
1;00;0;Belgium;CE%sT;1977;1;1;0;0;0
1;00;0;EU;CE%sT;0;1;1;0;0;0
Zone;Europe/Monaco;0;29;32;LMT;1892;6;1
0;09;21;-;PMT;1911;3;29;0;0;0
0;00;0;France;WE%sT;1945;9;16;3;00;0
1;00;0;France;CE%sT;1977;1;1;0;0;0
1;00;0;EU;CE%sT;0;1;1;0;0;0
Zone;Europe/Oslo;0;43;00;LMT;1895;1;1
1;00;0;Norway;CE%sT;1940;8;10;23;00;0
1;00;0;C-Eur;CE%sT;1945;4;2;2;00;0
1;00;0;Norway;CE%sT;1980;1;1;0;0;0
1;00;0;EU;CE%sT;0;1;1;0;0;0
Zone;Europe/Sarajevo;1;13;40;LMT;1884;1;1
1;00;0;-;CET;1941;4;18;23;00;0
1;00;0;C-Eur;CE%sT;1945;5;8;2;00s;0
1;00;0;1:00;CEST;1945;9;16;2;00s;0
1;00;0;-;CET;1982;11;27;0;0;0
1;00;0;EU;CE%sT;0;1;1;0;0;0
Zone;Europe/Skopje;1;25;44;LMT;1884;1;1
1;00;0;-;CET;1941;4;18;23;00;0
1;00;0;C-Eur;CE%sT;1945;5;8;2;00s;0
1;00;0;1:00;CEST;1945;9;16;2;00s;0
1;00;0;-;CET;1982;11;27;0;0;0
1;00;0;EU;CE%sT;0;1;1;0;0;0
Zone;Europe/Stockholm;1;12;12;LMT;1879;1;1
1;00;14;-;SET;1900;1;1;0;0;0
1;00;0;-;CET;1916;5;14;23;00;0
1;00;0;1:00;CEST;1916;10;1;1;00;0
1;00;0;-;CET;1980;1;1;0;0;0
1;00;0;EU;CE%sT;0;1;1;0;0;0
Zone;Europe/Tiraspol;1;58;32;LMT;1880;1;1
1;55;0;-;CMT;1918;2;15;0;0;0
1;44;24;-;BMT;1931;7;24;0;0;0
2;00;0;Romania;EE%sT;1940;8;15;0;0;0
2;00;0;1:00;EEST;1941;7;17;0;0;0
1;00;0;C-Eur;CE%sT;1944;8;24;0;0;0
3;00;0;Russia;MSK/MSD;1991;3;31;2;00;0
2;00;0;Russia;EE%sT;1992;1;19;2;00;0
3;00;0;Russia;MSK/MSD;0;1;1;0;0;0
Zone;Europe/Uzhgorod;1;29;12;LMT;1890;10;1
1;00;0;-;CET;1940;1;1;0;0;0
1;00;0;C-Eur;CE%sT;1944;10;1;0;0;0
1;00;0;1:00;CEST;1944;10;26;0;0;0
1;00;0;-;CET;1945;6;29;0;0;0
3;00;0;Russia;MSK/MSD;1990;1;1;0;0;0
3;00;0;-;MSK;1990;7;1;2;00;0
1;00;0;-;CET;1991;3;31;3;00;0
2;00;0;-;EET;1992;3;20;0;0;0
2;00;0;C-Eur;EE%sT;1996;5;13;0;0;0
2;00;0;EU;EE%sT;0;1;1;0;0;0
Zone;Europe/Vaduz;0;38;04;LMT;1894;6;1
1;00;0;Swiss;CE%sT;1981;1;1;0;0;0
1;00;0;EU;CE%sT;0;1;1;0;0;0
Zone;Europe/Zagreb;1;03;52;LMT;1884;1;1
1;00;0;-;CET;1941;4;18;23;00;0
1;00;0;C-Eur;CE%sT;1945;5;8;2;00s;0
1;00;0;1:00;CEST;1945;9;16;2;00s;0
1;00;0;-;CET;1982;11;27;0;0;0
1;00;0;EU;CE%sT;0;1;1;0;0;0
Zone;Europe/Zaporozhye;2;20;40;LMT;1880;1;1
2;20;0;-;+0220;1924;5;2;0;0;0
2;00;0;-;EET;1930;6;21;0;0;0
3;00;0;-;MSK;1941;8;25;0;0;0
1;00;0;C-Eur;CE%sT;1943;10;25;0;0;0
3;00;0;Russia;MSK/MSD;1991;3;31;2;00;0
2;00;0;E-Eur;EE%sT;1992;3;20;0;0;0
2;00;0;C-Eur;EE%sT;1996;5;13;0;0;0
2;00;0;EU;EE%sT;0;1;1;0;0;0
Zone;Indian/Antananarivo;3;10;04;LMT;1911;7;1
3;00;0;-;EAT;1954;2;27;23;00s;0
3;00;0;1:00;EAST;1954;5;29;23;00s;0
3;00;0;-;EAT;0;1;1;0;0;0
Zone;Indian/Christmas;7;02;52;LMT;1895;2;1
7;00;0;-;+07;0;1;1;0;0;0
Zone;Indian/Cocos;6;27;40;LMT;1900;1;1
6;30;0;-;+0630;0;1;1;0;0;0
Zone;Indian/Comoro;2;53;04;LMT;1911;7;1
3;00;0;-;EAT;0;1;1;0;0;0
Zone;Indian/Kerguelen;0;0;0;-00;1950;1;1
5;00;0;-;+05;0;1;1;0;0;0
Zone;Indian/Mahe;3;41;48;LMT;1907;1;1
4;00;0;-;+04;0;1;1;0;0;0
Zone;Indian/Mayotte;3;00;56;LMT;1911;7;1
3;00;0;-;EAT;0;1;1;0;0;0
Zone;Indian/Reunion;3;41;52;LMT;1911;6;1
4;00;0;-;+04;0;1;1;0;0;0
Zone;Pacific/Chuuk;-13;52;52;LMT;1844;12;31
10;07;08;-;LMT;1901;1;1;0;0;0
10;00;0;-;+10;1914;10;1;0;0;0
9;00;0;-;+09;1919;2;1;0;0;0
10;00;0;-;+10;1941;4;1;0;0;0
9;00;0;-;+09;1945;8;1;0;0;0
10;00;0;-;+10;0;1;1;0;0;0
Zone;Pacific/Enderbury;0;0;0;-00;1860;1;1
-11;24;20;-;LMT;1885;1;1;0;0;0
0;0;0;-;-00;1938;3;6;0;0;0
-12;00;0;-;-12;1942;2;9;0;0;0
0;0;0;-;-00;0;1;1;0;0;0
Zone;Pacific/Funafuti;11;56;52;LMT;1901;1;1
12;00;0;-;+12;0;1;1;0;0;0
Zone;Pacific/Johnston;-10;00;0;HST;0;1;1
Zone;Pacific/Majuro;11;24;48;LMT;1901;1;1
11;00;0;-;+11;1914;10;1;0;0;0
9;00;0;-;+09;1919;2;1;0;0;0
11;00;0;-;+11;1937;1;1;0;0;0
10;00;0;-;+10;1941;4;1;0;0;0
9;00;0;-;+09;1944;1;30;0;0;0
11;00;0;-;+11;1969;10;1;0;0;0
12;00;0;-;+12;0;1;1;0;0;0
Zone;Pacific/Midway;-11;49;28;LMT;1901;1;1
-11;00;0;-;-11;1956;6;3;0;0;0
-11;00;0;1:00;-10;1956;9;2;0;0;0
-11;00;0;-;SST;0;1;1;0;0;0
Zone;Pacific/Pohnpei;-13;27;08;LMT;1844;12;31
10;32;52;-;LMT;1901;1;1;0;0;0
11;00;0;-;+11;1914;10;1;0;0;0
9;00;0;-;+09;1919;2;1;0;0;0
11;00;0;-;+11;1937;1;1;0;0;0
10;00;0;-;+10;1941;4;1;0;0;0
9;00;0;-;+09;1945;8;1;0;0;0
11;00;0;-;+11;0;1;1;0;0;0
Zone;Pacific/Saipan;-14;17;00;LMT;1844;12;31
9;43;00;-;LMT;1901;1;1;0;0;0
9;00;0;-;+09;1944;7;9;0;0;0
10;00;0;Guam;G%sT;2000;12;23;0;0;0
10;00;0;-;ChST;0;1;1;0;0;0
Zone;Pacific/Wake;11;06;28;LMT;1901;1;1
12;00;0;-;+12;0;1;1;0;0;0
Zone;Pacific/Wallis;12;15;20;LMT;1901;1;1
12;00;0;-;+12;0;1;1;0;0;0
Zone;HST;-10;00;0;HST;0;1;1
Zone;PST8PDT;-8;00;0;P%sT;0;1;1
Zone;MST;-7;00;0;MST;0;1;1
Zone;MST7MDT;-7;00;0;M%sT;0;1;1
Zone;CST6CDT;-6;00;0;C%sT;0;1;1
Zone;EST;-5;00;0;EST;0;1;1
Zone;EST5EDT;-5;00;0;E%sT;0;1;1
Zone;WET;0;00;0;WE%sT;0;1;1
Zone;CET;1;00;0;CE%sT;0;1;1
Zone;MET;1;00;0;ME%sT;0;1;1
Zone;EET;2;00;0;EE%sT;0;1;1
Zone;Europe/London;-0;01;15;LMT;1847;12;1
0;00;0;GB-Eire;%s;1968;10;27;0;0;0
1;00;0;-;BST;1971;10;31;2;00u;0
0;00;0;GB-Eire;%s;1996;1;1;0;0;0
0;00;0;EU;GMT/BST;0;1;1;0;0;0
Zone;Europe/Dublin;-0;25;21;LMT;1880;8;2
-0;25;21;-;DMT;1916;5;21;2;00s;0
-0;25;21;1:00;IST;1916;10;1;2;00s;0
0;00;0;GB-Eire;%s;1921;12;6;0;0;0
0;00;0;GB-Eire;GMT/IST;1940;2;25;2;00s;0
0;00;0;1:00;IST;1946;10;6;2;00s;0
0;00;0;-;GMT;1947;3;16;2;00s;0
0;00;0;1:00;IST;1947;11;2;2;00s;0
0;00;0;-;GMT;1948;4;18;2;00s;0
0;00;0;GB-Eire;GMT/IST;1968;10;27;0;0;0
1;00;0;Eire;IST/GMT;0;1;1;0;0;0
Zone;Europe/Tirane;1;19;20;LMT;1914;1;1
1;00;0;-;CET;1940;6;16;0;0;0
1;00;0;Albania;CE%sT;1984;7;1;0;0;0
1;00;0;EU;CE%sT;0;1;1;0;0;0
Zone;Europe/Andorra;0;06;04;LMT;1901;1;1
0;00;0;-;WET;1946;9;30;0;0;0
1;00;0;-;CET;1985;3;31;2;00;0
1;00;0;EU;CE%sT;0;1;1;0;0;0
Zone;Europe/Vienna;1;05;21;LMT;1893;4;1
1;00;0;C-Eur;CE%sT;1920;1;1;0;0;0
1;00;0;Austria;CE%sT;1940;4;1;2;00s;0
1;00;0;C-Eur;CE%sT;1945;4;2;2;00s;0
1;00;0;1:00;CEST;1945;4;12;2;00s;0
1;00;0;-;CET;1946;1;1;0;0;0
1;00;0;Austria;CE%sT;1981;1;1;0;0;0
1;00;0;EU;CE%sT;0;1;1;0;0;0
Zone;Europe/Minsk;1;50;16;LMT;1880;1;1
1;50;0;-;MMT;1924;5;2;0;0;0
2;00;0;-;EET;1930;6;21;0;0;0
3;00;0;-;MSK;1941;6;28;0;0;0
1;00;0;C-Eur;CE%sT;1944;7;3;0;0;0
3;00;0;Russia;MSK/MSD;1990;1;1;0;0;0
3;00;0;-;MSK;1991;3;31;2;00s;0
2;00;0;Russia;EE%sT;2011;3;27;2;00s;0
3;00;0;-;%z;0;1;1;0;0;0
Zone;Europe/Brussels;0;17;30;LMT;1880;1;1
0;17;30;-;BMT;1892;5;1;00;17;30
0;00;0;-;WET;1914;11;8;0;0;0
1;00;0;-;CET;1916;5;1;0;00;0
1;00;0;C-Eur;CE%sT;1918;11;11;11;00u;0
0;00;0;Belgium;WE%sT;1940;5;20;2;00s;0
1;00;0;C-Eur;CE%sT;1944;9;3;0;0;0
1;00;0;Belgium;CE%sT;1977;1;1;0;0;0
1;00;0;EU;CE%sT;0;1;1;0;0;0
Zone;Europe/Sofia;1;33;16;LMT;1880;1;1
1;56;56;-;IMT;1894;11;30;0;0;0
2;00;0;-;EET;1942;11;2;3;00;0
1;00;0;C-Eur;CE%sT;1945;1;1;0;0;0
1;00;0;-;CET;1945;4;2;3;00;0
2;00;0;-;EET;1979;3;31;23;00;0
2;00;0;Bulg;EE%sT;1982;9;26;3;00;0
2;00;0;C-Eur;EE%sT;1991;1;1;0;0;0
2;00;0;E-Eur;EE%sT;1997;1;1;0;0;0
2;00;0;EU;EE%sT;0;1;1;0;0;0
Zone;Europe/Prague;0;57;44;LMT;1850;1;1
0;57;44;-;PMT;1891;10;1;0;0;0
1;00;0;C-Eur;CE%sT;1945;5;9;0;0;0
1;00;0;Czech;CE%sT;1946;12;1;3;00;0
1;00;0;-1:00;GMT;1947;2;23;2;00;0
1;00;0;Czech;CE%sT;1979;1;1;0;0;0
1;00;0;EU;CE%sT;0;1;1;0;0;0
Zone;Atlantic/Faroe;-0;27;04;LMT;1908;1;11
0;00;0;-;WET;1981;1;1;0;0;0
0;00;0;EU;WE%sT;0;1;1;0;0;0
Zone;America/Danmarkshavn;-1;14;40;LMT;1916;7;28
-3;00;0;-;%z;1980;4;6;2;00;0
-3;00;0;EU;%z;1996;1;1;0;0;0
0;00;0;-;GMT;0;1;1;0;0;0
Zone;America/Scoresbysund;-1;27;52;LMT;1916;7;28
-2;00;0;-;%z;1980;4;6;2;00;0
-2;00;0;C-Eur;%z;1981;3;29;0;0;0
-1;00;0;EU;%z;2024;3;31;0;0;0
-2;00;0;EU;%z;0;1;1;0;0;0
Zone;America/Nuuk;-3;26;56;LMT;1916;7;28
-3;00;0;-;%z;1980;4;6;2;00;0
-3;00;0;EU;%z;2023;3;26;1;00u;0
-2;00;0;-;%z;2023;10;29;1;00u;0
-2;00;0;EU;%z;0;1;1;0;0;0
Zone;America/Thule;-4;35;08;LMT;1916;7;28
-4;00;0;Thule;A%sT;0;1;1;0;0;0
Zone;Europe/Tallinn;1;39;00;LMT;1880;1;1
1;39;00;-;TMT;1918;2;1;0;0;0
1;00;0;C-Eur;CE%sT;1919;7;1;0;0;0
1;39;00;-;TMT;1921;5;1;0;0;0
2;00;0;-;EET;1940;8;6;0;0;0
3;00;0;-;MSK;1941;9;15;0;0;0
1;00;0;C-Eur;CE%sT;1944;9;22;0;0;0
3;00;0;Russia;MSK/MSD;1989;3;26;2;00s;0
2;00;0;1:00;EEST;1989;9;24;2;00s;0
2;00;0;C-Eur;EE%sT;1998;9;22;0;0;0
2;00;0;EU;EE%sT;1999;10;31;4;00;0
2;00;0;-;EET;2002;2;21;0;0;0
2;00;0;EU;EE%sT;0;1;1;0;0;0
Zone;Europe/Helsinki;1;39;49;LMT;1878;5;31
1;39;49;-;HMT;1921;5;1;0;0;0
2;00;0;Finland;EE%sT;1983;1;1;0;0;0
2;00;0;EU;EE%sT;0;1;1;0;0;0
Zone;Europe/Paris;0;09;21;LMT;1891;3;16
0;09;21;-;PMT;1911;3;11;0;0;0
0;00;0;France;WE%sT;1940;6;14;23;00;0
1;00;0;C-Eur;CE%sT;1944;8;25;0;0;0
0;00;0;France;WE%sT;1945;9;16;3;00;0
1;00;0;France;CE%sT;1977;1;1;0;0;0
1;00;0;EU;CE%sT;0;1;1;0;0;0
Zone;Europe/Berlin;0;53;28;LMT;1893;4;1
1;00;0;C-Eur;CE%sT;1945;5;24;2;00;0
1;00;0;SovietZone;CE%sT;1946;1;1;0;0;0
1;00;0;Germany;CE%sT;1980;1;1;0;0;0
1;00;0;EU;CE%sT;0;1;1;0;0;0
Zone;Europe/Gibraltar;-0;21;24;LMT;1880;8;2
0;00;0;GB-Eire;%s;1957;4;14;2;00;0
1;00;0;-;CET;1982;1;1;0;0;0
1;00;0;EU;CE%sT;0;1;1;0;0;0
Zone;Europe/Athens;1;34;52;LMT;1895;9;14
1;34;52;-;AMT;1916;7;28;0;01;0
2;00;0;Greece;EE%sT;1941;4;30;0;0;0
1;00;0;Greece;CE%sT;1944;4;4;0;0;0
2;00;0;Greece;EE%sT;1981;1;1;0;0;0
2;00;0;EU;EE%sT;0;1;1;0;0;0
Zone;Europe/Budapest;1;16;20;LMT;1890;11;1
1;00;0;C-Eur;CE%sT;1918;1;1;0;0;0
1;00;0;Hungary;CE%sT;1941;4;7;23;00;0
1;00;0;C-Eur;CE%sT;1945;1;1;0;0;0
1;00;0;Hungary;CE%sT;1984;1;1;0;0;0
1;00;0;EU;CE%sT;0;1;1;0;0;0
Zone;Europe/Rome;0;49;56;LMT;1866;12;12
0;49;56;-;RMT;1893;10;31;23;00u;0
1;00;0;Italy;CE%sT;1943;9;10;0;0;0
1;00;0;C-Eur;CE%sT;1944;6;4;0;0;0
1;00;0;Italy;CE%sT;1980;1;1;0;0;0
1;00;0;EU;CE%sT;0;1;1;0;0;0
Zone;Europe/Riga;1;36;34;LMT;1880;1;1
1;36;34;-;RMT;1918;4;15;2;00;0
1;36;34;1:00;LST;1918;9;16;3;00;0
1;36;34;-;RMT;1919;4;1;2;00;0
1;36;34;1:00;LST;1919;5;22;3;00;0
1;36;34;-;RMT;1926;5;11;0;0;0
2;00;0;-;EET;1940;8;5;0;0;0
3;00;0;-;MSK;1941;7;1;0;0;0
1;00;0;C-Eur;CE%sT;1944;10;13;0;0;0
3;00;0;Russia;MSK/MSD;1989;3;lastSun;2;00s;0
2;00;0;1:00;EEST;1989;9;lastSun;2;00s;0
2;00;0;Latvia;EE%sT;1997;1;21;0;0;0
2;00;0;EU;EE%sT;2000;2;29;0;0;0
2;00;0;-;EET;2001;1;2;0;0;0
2;00;0;EU;EE%sT;0;1;1;0;0;0
Zone;Europe/Vilnius;1;41;16;LMT;1880;1;1
1;24;00;-;WMT;1917;1;1;0;0;0
1;35;36;-;KMT;1919;10;10;0;0;0
1;00;0;-;CET;1920;7;12;0;0;0
2;00;0;-;EET;1920;10;9;0;0;0
1;00;0;-;CET;1940;8;3;0;0;0
3;00;0;-;MSK;1941;6;24;0;0;0
1;00;0;C-Eur;CE%sT;1944;8;1;0;0;0
3;00;0;Russia;MSK/MSD;1989;3;26;2;00s;0
2;00;0;Russia;EE%sT;1991;9;29;2;00s;0
2;00;0;C-Eur;EE%sT;1998;1;1;0;0;0
2;00;0;-;EET;1998;3;29;1;00u;0
1;00;0;EU;CE%sT;1999;10;31;1;00u;0
2;00;0;-;EET;2003;1;1;0;0;0
2;00;0;EU;EE%sT;0;1;1;0;0;0
Zone;Europe/Malta;0;58;04;LMT;1893;11;2
1;00;0;Italy;CE%sT;1973;3;31;0;0;0
1;00;0;Malta;CE%sT;1981;1;1;0;0;0
1;00;0;EU;CE%sT;0;1;1;0;0;0
Zone;Europe/Chisinau;1;55;20;LMT;1880;1;1
1;55;0;-;CMT;1918;2;15;0;0;0
1;44;24;-;BMT;1931;7;24;0;0;0
2;00;0;Romania;EE%sT;1940;8;15;0;0;0
2;00;0;1:00;EEST;1941;7;17;0;0;0
1;00;0;C-Eur;CE%sT;1944;8;24;0;0;0
3;00;0;Russia;MSK/MSD;1990;5;6;2;00;0
2;00;0;Russia;EE%sT;1992;1;1;0;0;0
2;00;0;E-Eur;EE%sT;1997;1;1;0;0;0
2;00;0;Moldova;EE%sT;0;1;1;0;0;0
Zone;Europe/Warsaw;1;24;00;LMT;1880;1;1
1;24;00;-;WMT;1915;8;5;0;0;0
1;00;0;C-Eur;CE%sT;1918;9;16;3;00;0
2;00;0;Poland;EE%sT;1922;6;1;0;0;0
1;00;0;Poland;CE%sT;1940;6;23;2;00;0
1;00;0;C-Eur;CE%sT;1944;10;1;0;0;0
1;00;0;Poland;CE%sT;1977;1;1;0;0;0
1;00;0;W-Eur;CE%sT;1988;1;1;0;0;0
1;00;0;EU;CE%sT;0;1;1;0;0;0
Zone;Europe/Lisbon;-0;36;45;LMT;1884;1;1
-0;36;45;-;LMT;1912;1;1;0;00u;0
0;00;0;Port;WE%sT;1966;10;2;2;00s;0
1;00;0;-;CET;1976;9;26;1;00;0
0;00;0;Port;WE%sT;1986;1;1;0;0;0
0;00;0;EU;WE%sT;1992;9;27;1;00u;0
1;00;0;EU;CE%sT;1996;3;31;1;00u;0
0;00;0;EU;WE%sT;0;1;1;0;0;0
Zone;Atlantic/Azores;-1;42;40;LMT;1884;1;1
-1;54;32;-;HMT;1912;1;1;2;00u;0
-2;00;0;Port;%z;1966;10;2;2;00s;0
-1;00;0;-;%z;1982;3;28;0;00s;0
-1;00;0;Port;%z;1986;1;1;0;0;0
-1;00;0;EU;%z;1992;12;27;1;00s;0
0;00;0;EU;WE%sT;1993;6;17;1;00u;0
-1;00;0;EU;%z;0;1;1;0;0;0
Zone;Atlantic/Madeira;-1;07;36;LMT;1884;1;1
-1;07;36;-;FMT;1912;1;1;1;00u;0
-1;00;0;Port;%z;1966;10;2;2;00s;0
0;00;0;-;WET;1982;4;4;0;0;0
0;00;0;Port;WE%sT;1986;7;31;0;0;0
0;00;0;EU;WE%sT;0;1;1;0;0;0
Zone;Europe/Bucharest;1;44;24;LMT;1891;10;1
1;44;24;-;BMT;1931;7;24;0;0;0
2;00;0;Romania;EE%sT;1981;3;29;2;00s;0
2;00;0;C-Eur;EE%sT;1991;1;1;0;0;0
2;00;0;Romania;EE%sT;1994;1;1;0;0;0
2;00;0;E-Eur;EE%sT;1997;1;1;0;0;0
2;00;0;EU;EE%sT;0;1;1;0;0;0
Zone;Europe/Kaliningrad;1;22;00;LMT;1893;4;1
1;00;0;C-Eur;CE%sT;1945;4;10;0;0;0
2;00;0;Poland;EE%sT;1946;4;7;0;0;0
3;00;0;Russia;MSK/MSD;1989;3;26;2;00s;0
2;00;0;Russia;EE%sT;2011;3;27;2;00s;0
3;00;0;-;%z;2014;10;26;2;00s;0
2;00;0;-;EET;0;1;1;0;0;0
Zone;Europe/Moscow;2;30;17;LMT;1880;1;1
2;30;17;-;MMT;1916;7;3;0;0;0
2;31;19;Russia;%s;1919;7;1;0;00u;0
3;00;0;Russia;%s;1921;10;1;0;0;0
3;00;0;Russia;MSK/MSD;1922;10;1;0;0;0
2;00;0;-;EET;1930;6;21;0;0;0
3;00;0;Russia;MSK/MSD;1991;3;31;2;00s;0
2;00;0;Russia;EE%sT;1992;1;19;2;00s;0
3;00;0;Russia;MSK/MSD;2011;3;27;2;00s;0
4;00;0;-;MSK;2014;10;26;2;00s;0
3;00;0;-;MSK;0;1;1;0;0;0
Zone;Europe/Simferopol;2;16;24;LMT;1880;1;1
2;16;0;-;SMT;1924;5;2;0;0;0
2;00;0;-;EET;1930;6;21;0;0;0
3;00;0;-;MSK;1941;11;1;0;0;0
1;00;0;C-Eur;CE%sT;1944;4;13;0;0;0
3;00;0;Russia;MSK/MSD;1990;1;1;0;0;0
3;00;0;-;MSK;1990;7;1;2;00;0
2;00;0;-;EET;1992;3;20;0;0;0
2;00;0;C-Eur;EE%sT;1994;5;1;0;0;0
3;00;0;C-Eur;MSK/MSD;1996;3;31;0;00s;0
3;00;0;1:00;MSD;1996;10;27;3;00s;0
3;00;0;-;MSK;1997;3;lastSun;1;00u;0
2;00;0;EU;EE%sT;2014;3;30;2;00;0
4;00;0;-;MSK;2014;10;26;2;00s;0
3;00;0;-;MSK;0;1;1;0;0;0
Zone;Europe/Astrakhan;3;12;12;LMT;1924;5;1
3;00;0;-;%z;1930;6;21;0;0;0
4;00;0;Russia;%z;1989;3;26;2;00s;0
3;00;0;Russia;%z;1991;3;31;2;00s;0
4;00;0;-;%z;1992;3;29;2;00s;0
3;00;0;Russia;%z;2011;3;27;2;00s;0
4;00;0;-;%z;2014;10;26;2;00s;0
3;00;0;-;%z;2016;3;27;2;00s;0
4;00;0;-;%z;0;1;1;0;0;0
Zone;Europe/Volgograd;2;57;40;LMT;1920;1;3
3;00;0;-;%z;1930;6;21;0;0;0
4;00;0;-;%z;1961;11;11;0;0;0
4;00;0;Russia;%z;1988;3;27;2;00s;0
3;00;0;Russia;MSK/MSD;1991;3;31;2;00s;0
4;00;0;-;%z;1992;3;29;2;00s;0
3;00;0;Russia;MSK/MSD;2011;3;27;2;00s;0
4;00;0;-;MSK;2014;10;26;2;00s;0
3;00;0;-;MSK;2018;10;28;2;00s;0
4;00;0;-;%z;2020;12;27;2;00s;0
3;00;0;-;MSK;0;1;1;0;0;0
Zone;Europe/Saratov;3;04;18;LMT;1919;7;1
3;00;0;-;%z;1930;6;21;0;0;0
4;00;0;Russia;%z;1988;3;27;2;00s;0
3;00;0;Russia;%z;1991;3;31;2;00s;0
4;00;0;-;%z;1992;3;29;2;00s;0
3;00;0;Russia;%z;2011;3;27;2;00s;0
4;00;0;-;%z;2014;10;26;2;00s;0
3;00;0;-;%z;2016;12;4;2;00s;0
4;00;0;-;%z;0;1;1;0;0;0
Zone;Europe/Kirov;3;18;48;LMT;1919;7;1
3;00;0;-;%z;1930;6;21;0;0;0
4;00;0;Russia;%z;1989;3;26;2;00s;0
3;00;0;Russia;MSK/MSD;1991;3;31;2;00s;0
4;00;0;-;%z;1992;3;29;2;00s;0
3;00;0;Russia;MSK/MSD;2011;3;27;2;00s;0
4;00;0;-;MSK;2014;10;26;2;00s;0
3;00;0;-;MSK;0;1;1;0;0;0
Zone;Europe/Samara;3;20;20;LMT;1919;7;1
3;00;0;-;%z;1930;6;21;0;0;0
4;00;0;-;%z;1935;1;27;0;0;0
4;00;0;Russia;%z;1989;3;26;2;00s;0
3;00;0;Russia;%z;1991;3;31;2;00s;0
2;00;0;Russia;%z;1991;9;29;2;00s;0
3;00;0;-;%z;1991;10;20;3;00;0
4;00;0;Russia;%z;2010;3;28;2;00s;0
3;00;0;Russia;%z;2011;3;27;2;00s;0
4;00;0;-;%z;0;1;1;0;0;0
Zone;Europe/Ulyanovsk;3;13;36;LMT;1919;7;1
3;00;0;-;%z;1930;6;21;0;0;0
4;00;0;Russia;%z;1989;3;26;2;00s;0
3;00;0;Russia;%z;1991;3;31;2;00s;0
2;00;0;Russia;%z;1992;1;19;2;00s;0
3;00;0;Russia;%z;2011;3;27;2;00s;0
4;00;0;-;%z;2014;10;26;2;00s;0
3;00;0;-;%z;2016;3;27;2;00s;0
4;00;0;-;%z;0;1;1;0;0;0
Zone;Asia/Yekaterinburg;4;02;33;LMT;1916;7;3
3;45;05;-;PMT;1919;7;15;4;00;0
4;00;0;-;%z;1930;6;21;0;0;0
5;00;0;Russia;%z;1991;3;31;2;00s;0
4;00;0;Russia;%z;1992;1;19;2;00s;0
5;00;0;Russia;%z;2011;3;27;2;00s;0
6;00;0;-;%z;2014;10;26;2;00s;0
5;00;0;-;%z;0;1;1;0;0;0
Zone;Asia/Omsk;4;53;30;LMT;1919;11;14
5;00;0;-;%z;1930;6;21;0;0;0
6;00;0;Russia;%z;1991;3;31;2;00s;0
5;00;0;Russia;%z;1992;1;19;2;00s;0
6;00;0;Russia;%z;2011;3;27;2;00s;0
7;00;0;-;%z;2014;10;26;2;00s;0
6;00;0;-;%z;0;1;1;0;0;0
Zone;Asia/Barnaul;5;35;00;LMT;1919;12;10
6;00;0;-;%z;1930;6;21;0;0;0
7;00;0;Russia;%z;1991;3;31;2;00s;0
6;00;0;Russia;%z;1992;1;19;2;00s;0
7;00;0;Russia;%z;1995;5;28;0;0;0
6;00;0;Russia;%z;2011;3;27;2;00s;0
7;00;0;-;%z;2014;10;26;2;00s;0
6;00;0;-;%z;2016;3;27;2;00s;0
7;00;0;-;%z;0;1;1;0;0;0
Zone;Asia/Novosibirsk;5;31;40;LMT;1919;12;14
6;00;0;-;%z;1930;6;21;0;0;0
7;00;0;Russia;%z;1991;3;31;2;00s;0
6;00;0;Russia;%z;1992;1;19;2;00s;0
7;00;0;Russia;%z;1993;5;23;0;0;0
6;00;0;Russia;%z;2011;3;27;2;00s;0
7;00;0;-;%z;2014;10;26;2;00s;0
6;00;0;-;%z;2016;7;24;2;00s;0
7;00;0;-;%z;0;1;1;0;0;0
Zone;Asia/Tomsk;5;39;51;LMT;1919;12;22
6;00;0;-;%z;1930;6;21;0;0;0
7;00;0;Russia;%z;1991;3;31;2;00s;0
6;00;0;Russia;%z;1992;1;19;2;00s;0
7;00;0;Russia;%z;2002;5;1;3;00;0
6;00;0;Russia;%z;2011;3;27;2;00s;0
7;00;0;-;%z;2014;10;26;2;00s;0
6;00;0;-;%z;2016;5;29;2;00s;0
7;00;0;-;%z;0;1;1;0;0;0
Zone;Asia/Novokuznetsk;5;48;48;LMT;1924;5;1
6;00;0;-;%z;1930;6;21;0;0;0
7;00;0;Russia;%z;1991;3;31;2;00s;0
6;00;0;Russia;%z;1992;1;19;2;00s;0
7;00;0;Russia;%z;2010;3;28;2;00s;0
6;00;0;Russia;%z;2011;3;27;2;00s;0
7;00;0;-;%z;0;1;1;0;0;0
Zone;Asia/Krasnoyarsk;6;11;26;LMT;1920;1;6
6;00;0;-;%z;1930;6;21;0;0;0
7;00;0;Russia;%z;1991;3;31;2;00s;0
6;00;0;Russia;%z;1992;1;19;2;00s;0
7;00;0;Russia;%z;2011;3;27;2;00s;0
8;00;0;-;%z;2014;10;26;2;00s;0
7;00;0;-;%z;0;1;1;0;0;0
Zone;Asia/Irkutsk;6;57;05;LMT;1880;1;1
6;57;05;-;IMT;1920;1;25;0;0;0
7;00;0;-;%z;1930;6;21;0;0;0
8;00;0;Russia;%z;1991;3;31;2;00s;0
7;00;0;Russia;%z;1992;1;19;2;00s;0
8;00;0;Russia;%z;2011;3;27;2;00s;0
9;00;0;-;%z;2014;10;26;2;00s;0
8;00;0;-;%z;0;1;1;0;0;0
Zone;Asia/Chita;7;33;52;LMT;1919;12;15
8;00;0;-;%z;1930;6;21;0;0;0
9;00;0;Russia;%z;1991;3;31;2;00s;0
8;00;0;Russia;%z;1992;1;19;2;00s;0
9;00;0;Russia;%z;2011;3;27;2;00s;0
10;00;0;-;%z;2014;10;26;2;00s;0
8;00;0;-;%z;2016;3;27;2;00;0
9;00;0;-;%z;0;1;1;0;0;0
Zone;Asia/Yakutsk;8;38;58;LMT;1919;12;15
8;00;0;-;%z;1930;6;21;0;0;0
9;00;0;Russia;%z;1991;3;31;2;00s;0
8;00;0;Russia;%z;1992;1;19;2;00s;0
9;00;0;Russia;%z;2011;3;27;2;00s;0
10;00;0;-;%z;2014;10;26;2;00s;0
9;00;0;-;%z;0;1;1;0;0;0
Zone;Asia/Vladivostok;8;47;31;LMT;1922;11;15
9;00;0;-;%z;1930;6;21;0;0;0
10;00;0;Russia;%z;1991;3;31;2;00s;0
9;00;0;Russia;%z;1992;1;19;2;00s;0
10;00;0;Russia;%z;2011;3;27;2;00s;0
11;00;0;-;%z;2014;10;26;2;00s;0
10;00;0;-;%z;0;1;1;0;0;0
Zone;Asia/Khandyga;9;02;13;LMT;1919;12;15
8;00;0;-;%z;1930;6;21;0;0;0
9;00;0;Russia;%z;1991;3;31;2;00s;0
8;00;0;Russia;%z;1992;1;19;2;00s;0
9;00;0;Russia;%z;2004;1;1;0;0;0
10;00;0;Russia;%z;2011;3;27;2;00s;0
11;00;0;-;%z;2011;9;13;0;00s;0
10;00;0;-;%z;2014;10;26;2;00s;0
9;00;0;-;%z;0;1;1;0;0;0
Zone;Asia/Sakhalin;9;30;48;LMT;1905;8;23
9;00;0;-;%z;1945;8;25;0;0;0
11;00;0;Russia;%z;1991;3;31;2;00s;0
10;00;0;Russia;%z;1992;1;19;2;00s;0
11;00;0;Russia;%z;1997;3;lastSun;2;00s;0
10;00;0;Russia;%z;2011;3;27;2;00s;0
11;00;0;-;%z;2014;10;26;2;00s;0
10;00;0;-;%z;2016;3;27;2;00s;0
11;00;0;-;%z;0;1;1;0;0;0
Zone;Asia/Magadan;10;03;12;LMT;1924;5;2
10;00;0;-;%z;1930;6;21;0;0;0
11;00;0;Russia;%z;1991;3;31;2;00s;0
10;00;0;Russia;%z;1992;1;19;2;00s;0
11;00;0;Russia;%z;2011;3;27;2;00s;0
12;00;0;-;%z;2014;10;26;2;00s;0
10;00;0;-;%z;2016;4;24;2;00s;0
11;00;0;-;%z;0;1;1;0;0;0
Zone;Asia/Srednekolymsk;10;14;52;LMT;1924;5;2
10;00;0;-;%z;1930;6;21;0;0;0
11;00;0;Russia;%z;1991;3;31;2;00s;0
10;00;0;Russia;%z;1992;1;19;2;00s;0
11;00;0;Russia;%z;2011;3;27;2;00s;0
12;00;0;-;%z;2014;10;26;2;00s;0
11;00;0;-;%z;0;1;1;0;0;0
Zone;Asia/Ust-Nera;9;32;54;LMT;1919;12;15
8;00;0;-;%z;1930;6;21;0;0;0
9;00;0;Russia;%z;1981;4;1;0;0;0
11;00;0;Russia;%z;1991;3;31;2;00s;0
10;00;0;Russia;%z;1992;1;19;2;00s;0
11;00;0;Russia;%z;2011;3;27;2;00s;0
12;00;0;-;%z;2011;9;13;0;00s;0
11;00;0;-;%z;2014;10;26;2;00s;0
10;00;0;-;%z;0;1;1;0;0;0
Zone;Asia/Kamchatka;10;34;36;LMT;1922;11;10
11;00;0;-;%z;1930;6;21;0;0;0
12;00;0;Russia;%z;1991;3;31;2;00s;0
11;00;0;Russia;%z;1992;1;19;2;00s;0
12;00;0;Russia;%z;2010;3;28;2;00s;0
11;00;0;Russia;%z;2011;3;27;2;00s;0
12;00;0;-;%z;0;1;1;0;0;0
Zone;Asia/Anadyr;11;49;56;LMT;1924;5;2
12;00;0;-;%z;1930;6;21;0;0;0
13;00;0;Russia;%z;1982;4;1;0;00s;0
12;00;0;Russia;%z;1991;3;31;2;00s;0
11;00;0;Russia;%z;1992;1;19;2;00s;0
12;00;0;Russia;%z;2010;3;28;2;00s;0
11;00;0;Russia;%z;2011;3;27;2;00s;0
12;00;0;-;%z;0;1;1;0;0;0
Zone;Europe/Belgrade;1;22;00;LMT;1884;1;1
1;00;0;-;CET;1941;4;18;23;00;0
1;00;0;C-Eur;CE%sT;1945;1;1;0;0;0
1;00;0;-;CET;1945;5;8;2;00s;0
1;00;0;1:00;CEST;1945;9;16;2;00s;0
1;00;0;-;CET;1982;11;27;0;0;0
1;00;0;EU;CE%sT;0;1;1;0;0;0
Zone;Europe/Madrid;-0;14;44;LMT;1901;1;1
0;00;0;Spain;WE%sT;1940;3;16;23;00;0
1;00;0;Spain;CE%sT;1979;1;1;0;0;0
1;00;0;EU;CE%sT;0;1;1;0;0;0
Zone;Africa/Ceuta;-0;21;16;LMT;1901;1;1
0;00;0;-;WET;1918;5;6;23;00;0
0;00;0;1:00;WEST;1918;10;7;23;00;0
0;00;0;-;WET;1924;1;1;0;0;0
0;00;0;Spain;WE%sT;1929;1;1;0;0;0
0;00;0;-;WET;1967;1;1;0;0;0
0;00;0;SpainAfrica;WE%sT;1984;3;16;0;0;0
1;00;0;-;CET;1986;1;1;0;0;0
1;00;0;EU;CE%sT;0;1;1;0;0;0
Zone;Atlantic/Canary;-1;01;36;LMT;1922;3;1
-1;00;0;-;%z;1946;9;30;1;00;0
0;00;0;-;WET;1980;4;6;0;00s;0
0;00;0;1:00;WEST;1980;9;28;1;00u;0
0;00;0;EU;WE%sT;0;1;1;0;0;0
Zone;Europe/Zurich;0;34;08;LMT;1853;7;16
0;29;46;-;BMT;1894;6;1;0;0;0
1;00;0;Swiss;CE%sT;1981;1;1;0;0;0
1;00;0;EU;CE%sT;0;1;1;0;0;0
Zone;Europe/Istanbul;1;55;52;LMT;1880;1;1
1;56;56;-;IMT;1910;10;1;0;0;0
2;00;0;Turkey;EE%sT;1978;6;29;0;0;0
3;00;0;Turkey;%z;1984;11;1;2;00;0
2;00;0;Turkey;EE%sT;2007;1;1;0;0;0
2;00;0;EU;EE%sT;2011;3;27;1;00u;0
2;00;0;-;EET;2011;3;28;1;00u;0
2;00;0;EU;EE%sT;2014;3;30;1;00u;0
2;00;0;-;EET;2014;3;31;1;00u;0
2;00;0;EU;EE%sT;2015;10;25;1;00u;0
2;00;0;1:00;EEST;2015;11;8;1;00u;0
2;00;0;EU;EE%sT;2016;9;7;0;0;0
3;00;0;-;%z;0;1;1;0;0;0
Zone;Europe/Kyiv;2;02;04;LMT;1880;1;1
2;02;04;-;KMT;1924;5;2;0;0;0
2;00;0;-;EET;1930;6;21;0;0;0
3;00;0;-;MSK;1941;9;20;0;0;0
1;00;0;C-Eur;CE%sT;1943;11;6;0;0;0
3;00;0;Russia;MSK/MSD;1990;7;1;2;00;0
2;00;0;1:00;EEST;1991;9;29;3;00;0
2;00;0;C-Eur;EE%sT;1996;5;13;0;0;0
2;00;0;EU;EE%sT;0;1;1;0;0;0
Zone;America/New_York;-4;56;02;LMT;1883;11;18
-5;00;0;US;E%sT;1920;1;1;0;0;0
-5;00;0;NYC;E%sT;1942;1;1;0;0;0
-5;00;0;US;E%sT;1946;1;1;0;0;0
-5;00;0;NYC;E%sT;1967;1;1;0;0;0
-5;00;0;US;E%sT;0;1;1;0;0;0
Zone;America/Chicago;-5;50;36;LMT;1883;11;18
-6;00;0;US;C%sT;1920;1;1;0;0;0
-6;00;0;Chicago;C%sT;1936;3;1;2;00;0
-5;00;0;-;EST;1936;11;15;2;00;0
-6;00;0;Chicago;C%sT;1942;1;1;0;0;0
-6;00;0;US;C%sT;1946;1;1;0;0;0
-6;00;0;Chicago;C%sT;1967;1;1;0;0;0
-6;00;0;US;C%sT;0;1;1;0;0;0
Zone;America/North_Dakota/Center;-6;45;12;LMT;1883;11;18
-7;00;0;US;M%sT;1992;10;25;2;00;0
-6;00;0;US;C%sT;0;1;1;0;0;0
Zone;America/North_Dakota/New_Salem;-6;45;39;LMT;1883;11;18
-7;00;0;US;M%sT;2003;10;26;2;00;0
-6;00;0;US;C%sT;0;1;1;0;0;0
Zone;America/North_Dakota/Beulah;-6;47;07;LMT;1883;11;18
-7;00;0;US;M%sT;2010;11;7;2;00;0
-6;00;0;US;C%sT;0;1;1;0;0;0
Zone;America/Denver;-6;59;56;LMT;1883;11;18
-7;00;0;US;M%sT;1920;1;1;0;0;0
-7;00;0;Denver;M%sT;1942;1;1;0;0;0
-7;00;0;US;M%sT;1946;1;1;0;0;0
-7;00;0;Denver;M%sT;1967;1;1;0;0;0
-7;00;0;US;M%sT;0;1;1;0;0;0
Zone;America/Los_Angeles;-7;52;58;LMT;1883;11;18
-8;00;0;US;P%sT;1946;1;1;0;0;0
-8;00;0;CA;P%sT;1967;1;1;0;0;0
-8;00;0;US;P%sT;0;1;1;0;0;0
Zone;America/Juneau;15;02;19;LMT;1867;10;19
-8;57;41;-;LMT;1900;8;20;12;00;0
-8;00;0;-;PST;1942;1;1;0;0;0
-8;00;0;US;P%sT;1946;1;1;0;0;0
-8;00;0;-;PST;1969;1;1;0;0;0
-8;00;0;US;P%sT;1980;4;27;2;00;0
-9;00;0;US;Y%sT;1980;10;26;2;00;0
-8;00;0;US;P%sT;1983;10;30;2;00;0
-9;00;0;US;Y%sT;1983;11;30;0;0;0
-9;00;0;US;AK%sT;0;1;1;0;0;0
Zone;America/Sitka;14;58;47;LMT;1867;10;19
-9;01;13;-;LMT;1900;8;20;12;00;0
-8;00;0;-;PST;1942;1;1;0;0;0
-8;00;0;US;P%sT;1946;1;1;0;0;0
-8;00;0;-;PST;1969;1;1;0;0;0
-8;00;0;US;P%sT;1983;10;30;2;00;0
-9;00;0;US;Y%sT;1983;11;30;0;0;0
-9;00;0;US;AK%sT;0;1;1;0;0;0
Zone;America/Metlakatla;15;13;42;LMT;1867;10;19
-8;46;18;-;LMT;1900;8;20;12;00;0
-8;00;0;-;PST;1942;1;1;0;0;0
-8;00;0;US;P%sT;1946;1;1;0;0;0
-8;00;0;-;PST;1969;1;1;0;0;0
-8;00;0;US;P%sT;1983;10;30;2;00;0
-8;00;0;-;PST;2015;11;1;2;00;0
-9;00;0;US;AK%sT;2018;11;4;2;00;0
-8;00;0;-;PST;2019;1;20;2;00;0
-9;00;0;US;AK%sT;0;1;1;0;0;0
Zone;America/Yakutat;14;41;05;LMT;1867;10;19
-9;18;55;-;LMT;1900;8;20;12;00;0
-9;00;0;-;YST;1942;1;1;0;0;0
-9;00;0;US;Y%sT;1946;1;1;0;0;0
-9;00;0;-;YST;1969;1;1;0;0;0
-9;00;0;US;Y%sT;1983;11;30;0;0;0
-9;00;0;US;AK%sT;0;1;1;0;0;0
Zone;America/Anchorage;14;00;24;LMT;1867;10;19
-9;59;36;-;LMT;1900;8;20;12;00;0
-10;00;0;-;AST;1942;1;1;0;0;0
-10;00;0;US;A%sT;1967;4;1;0;0;0
-10;00;0;-;AHST;1969;1;1;0;0;0
-10;00;0;US;AH%sT;1983;10;30;2;00;0
-9;00;0;US;Y%sT;1983;11;30;0;0;0
-9;00;0;US;AK%sT;0;1;1;0;0;0
Zone;America/Nome;12;58;22;LMT;1867;10;19
-11;01;38;-;LMT;1900;8;20;12;00;0
-11;00;0;-;NST;1942;1;1;0;0;0
-11;00;0;US;N%sT;1946;1;1;0;0;0
-11;00;0;-;NST;1967;4;1;0;0;0
-11;00;0;-;BST;1969;1;1;0;0;0
-11;00;0;US;B%sT;1983;10;30;2;00;0
-9;00;0;US;Y%sT;1983;11;30;0;0;0
-9;00;0;US;AK%sT;0;1;1;0;0;0
Zone;America/Adak;12;13;22;LMT;1867;10;19
-11;46;38;-;LMT;1900;8;20;12;00;0
-11;00;0;-;NST;1942;1;1;0;0;0
-11;00;0;US;N%sT;1946;1;1;0;0;0
-11;00;0;-;NST;1967;4;1;0;0;0
-11;00;0;-;BST;1969;1;1;0;0;0
-11;00;0;US;B%sT;1983;10;30;2;00;0
-10;00;0;US;AH%sT;1983;11;30;0;0;0
-10;00;0;US;H%sT;0;1;1;0;0;0
Zone;Pacific/Honolulu;-10;31;26;LMT;1896;1;13
-10;30;0;-;HST;1933;4;30;2;00;0
-10;30;0;1:00;HDT;1933;5;21;12;00;0
-10;30;0;US;H%sT;1947;6;8;2;00;0
-10;00;0;-;HST;0;1;1;0;0;0
Zone;America/Phoenix;-7;28;18;LMT;1883;11;18
-7;00;0;US;M%sT;1944;1;1;0;01;0
-7;00;0;-;MST;1944;4;1;0;01;0
-7;00;0;US;M%sT;1944;10;1;0;01;0
-7;00;0;-;MST;1967;1;1;0;0;0
-7;00;0;US;M%sT;1968;3;21;0;0;0
-7;00;0;-;MST;0;1;1;0;0;0
Zone;America/Boise;-7;44;49;LMT;1883;11;18
-8;00;0;US;P%sT;1923;5;13;2;00;0
-7;00;0;US;M%sT;1974;1;1;0;0;0
-7;00;0;-;MST;1974;2;3;2;00;0
-7;00;0;US;M%sT;0;1;1;0;0;0
Zone;America/Indiana/Indianapolis;-5;44;38;LMT;1883;11;18
-6;00;0;US;C%sT;1920;1;1;0;0;0
-6;00;0;Indianapolis;C%sT;1942;1;1;0;0;0
-6;00;0;US;C%sT;1946;1;1;0;0;0
-6;00;0;Indianapolis;C%sT;1955;4;24;2;00;0
-5;00;0;-;EST;1957;9;29;2;00;0
-6;00;0;-;CST;1958;4;27;2;00;0
-5;00;0;-;EST;1969;1;1;0;0;0
-5;00;0;US;E%sT;1971;1;1;0;0;0
-5;00;0;-;EST;2006;1;1;0;0;0
-5;00;0;US;E%sT;0;1;1;0;0;0
Zone;America/Indiana/Marengo;-5;45;23;LMT;1883;11;18
-6;00;0;US;C%sT;1951;1;1;0;0;0
-6;00;0;Marengo;C%sT;1961;4;30;2;00;0
-5;00;0;-;EST;1969;1;1;0;0;0
-5;00;0;US;E%sT;1974;1;6;2;00;0
-6;00;0;1:00;CDT;1974;10;27;2;00;0
-5;00;0;US;E%sT;1976;1;1;0;0;0
-5;00;0;-;EST;2006;1;1;0;0;0
-5;00;0;US;E%sT;0;1;1;0;0;0
Zone;America/Indiana/Vincennes;-5;50;07;LMT;1883;11;18
-6;00;0;US;C%sT;1946;1;1;0;0;0
-6;00;0;Vincennes;C%sT;1964;4;26;2;00;0
-5;00;0;-;EST;1969;1;1;0;0;0
-5;00;0;US;E%sT;1971;1;1;0;0;0
-5;00;0;-;EST;2006;4;2;2;00;0
-6;00;0;US;C%sT;2007;11;4;2;00;0
-5;00;0;US;E%sT;0;1;1;0;0;0
Zone;America/Indiana/Tell_City;-5;47;03;LMT;1883;11;18
-6;00;0;US;C%sT;1946;1;1;0;0;0
-6;00;0;Perry;C%sT;1964;4;26;2;00;0
-5;00;0;-;EST;1967;10;29;2;00;0
-6;00;0;US;C%sT;1969;4;27;2;00;0
-5;00;0;US;E%sT;1971;1;1;0;0;0
-5;00;0;-;EST;2006;4;2;2;00;0
-6;00;0;US;C%sT;0;1;1;0;0;0
Zone;America/Indiana/Petersburg;-5;49;07;LMT;1883;11;18
-6;00;0;US;C%sT;1955;1;1;0;0;0
-6;00;0;Pike;C%sT;1965;4;25;2;00;0
-5;00;0;-;EST;1966;10;30;2;00;0
-6;00;0;US;C%sT;1977;10;30;2;00;0
-5;00;0;-;EST;2006;4;2;2;00;0
-6;00;0;US;C%sT;2007;11;4;2;00;0
-5;00;0;US;E%sT;0;1;1;0;0;0
Zone;America/Indiana/Knox;-5;46;30;LMT;1883;11;18
-6;00;0;US;C%sT;1947;1;1;0;0;0
-6;00;0;Starke;C%sT;1962;4;29;2;00;0
-5;00;0;-;EST;1963;10;27;2;00;0
-6;00;0;US;C%sT;1991;10;27;2;00;0
-5;00;0;-;EST;2006;4;2;2;00;0
-6;00;0;US;C%sT;0;1;1;0;0;0
Zone;America/Indiana/Winamac;-5;46;25;LMT;1883;11;18
-6;00;0;US;C%sT;1946;1;1;0;0;0
-6;00;0;Pulaski;C%sT;1961;4;30;2;00;0
-5;00;0;-;EST;1969;1;1;0;0;0
-5;00;0;US;E%sT;1971;1;1;0;0;0
-5;00;0;-;EST;2006;4;2;2;00;0
-6;00;0;US;C%sT;2007;3;11;2;00;0
-5;00;0;US;E%sT;0;1;1;0;0;0
Zone;America/Indiana/Vevay;-5;40;16;LMT;1883;11;18
-6;00;0;US;C%sT;1954;4;25;2;00;0
-5;00;0;-;EST;1969;1;1;0;0;0
-5;00;0;US;E%sT;1973;1;1;0;0;0
-5;00;0;-;EST;2006;1;1;0;0;0
-5;00;0;US;E%sT;0;1;1;0;0;0
Zone;America/Kentucky/Louisville;-5;43;02;LMT;1883;11;18
-6;00;0;US;C%sT;1921;1;1;0;0;0
-6;00;0;Louisville;C%sT;1942;1;1;0;0;0
-6;00;0;US;C%sT;1946;1;1;0;0;0
-6;00;0;Louisville;C%sT;1961;7;23;2;00;0
-5;00;0;-;EST;1968;1;1;0;0;0
-5;00;0;US;E%sT;1974;1;6;2;00;0
-6;00;0;1:00;CDT;1974;10;27;2;00;0
-5;00;0;US;E%sT;0;1;1;0;0;0
Zone;America/Kentucky/Monticello;-5;39;24;LMT;1883;11;18
-6;00;0;US;C%sT;1946;1;1;0;0;0
-6;00;0;-;CST;1968;1;1;0;0;0
-6;00;0;US;C%sT;2000;10;29;2;00;0
-5;00;0;US;E%sT;0;1;1;0;0;0
Zone;America/Detroit;-5;32;11;LMT;1905;1;1
-6;00;0;-;CST;1915;5;15;2;00;0
-5;00;0;-;EST;1942;1;1;0;0;0
-5;00;0;US;E%sT;1946;1;1;0;0;0
-5;00;0;Detroit;E%sT;1967;6;14;0;01;0
-5;00;0;US;E%sT;1969;1;1;0;0;0
-5;00;0;-;EST;1973;1;1;0;0;0
-5;00;0;US;E%sT;1975;1;1;0;0;0
-5;00;0;-;EST;1975;4;27;2;00;0
-5;00;0;US;E%sT;0;1;1;0;0;0
Zone;America/Menominee;-5;50;27;LMT;1885;9;18
-6;00;0;US;C%sT;1946;1;1;0;0;0
-6;00;0;Menominee;C%sT;1969;4;27;2;00;0
-5;00;0;-;EST;1973;4;29;2;00;0
-6;00;0;US;C%sT;0;1;1;0;0;0
Zone;America/St_Johns;-3;30;52;LMT;1884;1;1
-3;30;52;StJohns;N%sT;1918;1;1;0;0;0
-3;30;52;Canada;N%sT;1919;1;1;0;0;0
-3;30;52;StJohns;N%sT;1935;3;30;0;0;0
-3;30;0;StJohns;N%sT;1942;5;11;0;0;0
-3;30;0;Canada;N%sT;1946;1;1;0;0;0
-3;30;0;StJohns;N%sT;2011;11;1;0;0;0
-3;30;0;Canada;N%sT;0;1;1;0;0;0
Zone;America/Goose_Bay;-4;01;40;LMT;1884;1;1
-3;30;52;-;NST;1918;1;1;0;0;0
-3;30;52;Canada;N%sT;1919;1;1;0;0;0
-3;30;52;-;NST;1935;3;30;0;0;0
-3;30;0;-;NST;1936;1;1;0;0;0
-3;30;0;StJohns;N%sT;1942;5;11;0;0;0
-3;30;0;Canada;N%sT;1946;1;1;0;0;0
-3;30;0;StJohns;N%sT;1966;3;15;2;00;0
-4;00;0;StJohns;A%sT;2011;11;1;0;0;0
-4;00;0;Canada;A%sT;0;1;1;0;0;0
Zone;America/Halifax;-4;14;24;LMT;1902;6;15
-4;00;0;Halifax;A%sT;1918;1;1;0;0;0
-4;00;0;Canada;A%sT;1919;1;1;0;0;0
-4;00;0;Halifax;A%sT;1942;2;9;2;00s;0
-4;00;0;Canada;A%sT;1946;1;1;0;0;0
-4;00;0;Halifax;A%sT;1974;1;1;0;0;0
-4;00;0;Canada;A%sT;0;1;1;0;0;0
Zone;America/Glace_Bay;-3;59;48;LMT;1902;6;15
-4;00;0;Canada;A%sT;1953;1;1;0;0;0
-4;00;0;Halifax;A%sT;1954;1;1;0;0;0
-4;00;0;-;AST;1972;1;1;0;0;0
-4;00;0;Halifax;A%sT;1974;1;1;0;0;0
-4;00;0;Canada;A%sT;0;1;1;0;0;0
Zone;America/Moncton;-4;19;08;LMT;1883;12;9
-5;00;0;-;EST;1902;6;15;0;0;0
-4;00;0;Canada;A%sT;1933;1;1;0;0;0
-4;00;0;Moncton;A%sT;1942;1;1;0;0;0
-4;00;0;Canada;A%sT;1946;1;1;0;0;0
-4;00;0;Moncton;A%sT;1973;1;1;0;0;0
-4;00;0;Canada;A%sT;1993;1;1;0;0;0
-4;00;0;Moncton;A%sT;2007;1;1;0;0;0
-4;00;0;Canada;A%sT;0;1;1;0;0;0
Zone;America/Toronto;-5;17;32;LMT;1895;1;1
-5;00;0;Canada;E%sT;1919;1;1;0;0;0
-5;00;0;Toronto;E%sT;1942;2;9;2;00s;0
-5;00;0;Canada;E%sT;1946;1;1;0;0;0
-5;00;0;Toronto;E%sT;1974;1;1;0;0;0
-5;00;0;Canada;E%sT;0;1;1;0;0;0
Zone;America/Winnipeg;-6;28;36;LMT;1887;7;16
-6;00;0;Winn;C%sT;2006;1;1;0;0;0
-6;00;0;Canada;C%sT;0;1;1;0;0;0
Zone;America/Regina;-6;58;36;LMT;1905;9;1
-7;00;0;Regina;M%sT;1960;4;lastSun;2;00;0
-6;00;0;-;CST;0;1;1;0;0;0
Zone;America/Swift_Current;-7;11;20;LMT;1905;9;1
-7;00;0;Canada;M%sT;1946;4;lastSun;2;00;0
-7;00;0;Regina;M%sT;1950;1;1;0;0;0
-7;00;0;Swift;M%sT;1972;4;lastSun;2;00;0
-6;00;0;-;CST;0;1;1;0;0;0
Zone;America/Edmonton;-7;33;52;LMT;1906;9;1
-7;00;0;Edm;M%sT;1987;1;1;0;0;0
-7;00;0;Canada;M%sT;0;1;1;0;0;0
Zone;America/Vancouver;-8;12;28;LMT;1884;1;1
-8;00;0;Vanc;P%sT;1987;1;1;0;0;0
-8;00;0;Canada;P%sT;0;1;1;0;0;0
Zone;America/Dawson_Creek;-8;00;56;LMT;1884;1;1
-8;00;0;Canada;P%sT;1947;1;1;0;0;0
-8;00;0;Vanc;P%sT;1972;8;30;2;00;0
-7;00;0;-;MST;0;1;1;0;0;0
Zone;America/Fort_Nelson;-8;10;47;LMT;1884;1;1
-8;00;0;Vanc;P%sT;1946;1;1;0;0;0
-8;00;0;-;PST;1947;1;1;0;0;0
-8;00;0;Vanc;P%sT;1987;1;1;0;0;0
-8;00;0;Canada;P%sT;2015;3;8;2;00;0
-7;00;0;-;MST;0;1;1;0;0;0
Zone;America/Iqaluit;0;0;0;-00;1942;8;1
-5;00;0;NT_YK;E%sT;1999;10;31;2;00;0
-6;00;0;Canada;C%sT;2000;10;29;2;00;0
-5;00;0;Canada;E%sT;0;1;1;0;0;0
Zone;America/Resolute;0;0;0;-00;1947;8;31
-6;00;0;NT_YK;C%sT;2000;10;29;2;00;0
-5;00;0;-;EST;2001;4;1;3;00;0
-6;00;0;Canada;C%sT;2006;10;29;2;00;0
-5;00;0;-;EST;2007;3;11;3;00;0
-6;00;0;Canada;C%sT;0;1;1;0;0;0
Zone;America/Rankin_Inlet;0;0;0;-00;1957;1;1
-6;00;0;NT_YK;C%sT;2000;10;29;2;00;0
-5;00;0;-;EST;2001;4;1;3;00;0
-6;00;0;Canada;C%sT;0;1;1;0;0;0
Zone;America/Cambridge_Bay;0;0;0;-00;1920;1;1
-7;00;0;NT_YK;M%sT;1999;10;31;2;00;0
-6;00;0;Canada;C%sT;2000;10;29;2;00;0
-5;00;0;-;EST;2000;11;5;0;00;0
-6;00;0;-;CST;2001;4;1;3;00;0
-7;00;0;Canada;M%sT;0;1;1;0;0;0
Zone;America/Inuvik;0;0;0;-00;1953;1;1
-8;00;0;NT_YK;P%sT;1979;4;lastSun;2;00;0
-7;00;0;NT_YK;M%sT;1980;1;1;0;0;0
-7;00;0;Canada;M%sT;0;1;1;0;0;0
Zone;America/Whitehorse;-9;00;12;LMT;1900;8;20
-9;00;0;NT_YK;Y%sT;1965;1;1;0;0;0
-9;00;0;Yukon;Y%sT;1966;2;27;0;00;0
-8;00;0;-;PST;1980;1;1;0;0;0
-8;00;0;Canada;P%sT;2020;11;1;0;0;0
-7;00;0;-;MST;0;1;1;0;0;0
Zone;America/Dawson;-9;17;40;LMT;1900;8;20
-9;00;0;NT_YK;Y%sT;1965;1;1;0;0;0
-9;00;0;Yukon;Y%sT;1973;10;28;0;00;0
-8;00;0;-;PST;1980;1;1;0;0;0
-8;00;0;Canada;P%sT;2020;11;1;0;0;0
-7;00;0;-;MST;0;1;1;0;0;0
Zone;America/Cancun;-5;47;04;LMT;1922;1;1
-6;00;0;-;CST;1981;12;26;2;00;0
-5;00;0;-;EST;1983;1;4;0;00;0
-6;00;0;Mexico;C%sT;1997;10;26;2;00;0
-5;00;0;Mexico;E%sT;1998;8;2;2;00;0
-6;00;0;Mexico;C%sT;2015;2;1;2;00;0
-5;00;0;-;EST;0;1;1;0;0;0
Zone;America/Merida;-5;58;28;LMT;1922;1;1
-6;00;0;-;CST;1981;12;26;2;00;0
-5;00;0;-;EST;1982;11;2;2;00;0
-6;00;0;Mexico;C%sT;0;1;1;0;0;0
Zone;America/Matamoros;-6;30;00;LMT;1922;1;1
-6;00;0;-;CST;1988;1;1;0;0;0
-6;00;0;US;C%sT;1989;1;1;0;0;0
-6;00;0;Mexico;C%sT;2010;1;1;0;0;0
-6;00;0;US;C%sT;0;1;1;0;0;0
Zone;America/Monterrey;-6;41;16;LMT;1922;1;1
-7;00;0;-;MST;1927;6;10;0;0;0
-6;00;0;-;CST;1930;11;15;0;0;0
-7;00;0;Mexico;M%sT;1932;4;1;0;0;0
-6;00;0;-;CST;1988;1;1;0;0;0
-6;00;0;US;C%sT;1989;1;1;0;0;0
-6;00;0;Mexico;C%sT;0;1;1;0;0;0
Zone;America/Mexico_City;-6;36;36;LMT;1922;1;1
-7;00;0;-;MST;1927;6;10;0;0;0
-6;00;0;-;CST;1930;11;15;0;0;0
-7;00;0;Mexico;M%sT;1932;4;1;0;0;0
-6;00;0;Mexico;C%sT;2001;9;30;2;00;0
-6;00;0;-;CST;2002;2;20;0;0;0
-6;00;0;Mexico;C%sT;0;1;1;0;0;0
Zone;America/Ciudad_Juarez;-7;05;56;LMT;1922;1;1
-7;00;0;-;MST;1927;6;10;0;0;0
-6;00;0;-;CST;1930;11;15;0;0;0
-7;00;0;Mexico;M%sT;1932;4;1;0;0;0
-6;00;0;-;CST;1996;1;1;0;0;0
-6;00;0;Mexico;C%sT;1998;1;1;0;0;0
-6;00;0;-;CST;1998;4;Sun>=1;3;00;0
-7;00;0;Mexico;M%sT;2010;1;1;0;0;0
-7;00;0;US;M%sT;2022;10;30;2;00;0
-6;00;0;-;CST;2022;11;30;0;00;0
-7;00;0;US;M%sT;0;1;1;0;0;0
Zone;America/Ojinaga;-6;57;40;LMT;1922;1;1
-7;00;0;-;MST;1927;6;10;0;0;0
-6;00;0;-;CST;1930;11;15;0;0;0
-7;00;0;Mexico;M%sT;1932;4;1;0;0;0
-6;00;0;-;CST;1996;1;1;0;0;0
-6;00;0;Mexico;C%sT;1998;1;1;0;0;0
-6;00;0;-;CST;1998;4;Sun>=1;3;00;0
-7;00;0;Mexico;M%sT;2010;1;1;0;0;0
-7;00;0;US;M%sT;2022;10;30;2;00;0
-6;00;0;-;CST;2022;11;30;0;00;0
-6;00;0;US;C%sT;0;1;1;0;0;0
Zone;America/Chihuahua;-7;04;20;LMT;1922;1;1
-7;00;0;-;MST;1927;6;10;0;0;0
-6;00;0;-;CST;1930;11;15;0;0;0
-7;00;0;Mexico;M%sT;1932;4;1;0;0;0
-6;00;0;-;CST;1996;1;1;0;0;0
-6;00;0;Mexico;C%sT;1998;1;1;0;0;0
-6;00;0;-;CST;1998;4;Sun>=1;3;00;0
-7;00;0;Mexico;M%sT;2022;10;30;2;00;0
-6;00;0;-;CST;0;1;1;0;0;0
Zone;America/Hermosillo;-7;23;52;LMT;1922;1;1
-7;00;0;-;MST;1927;6;10;0;0;0
-6;00;0;-;CST;1930;11;15;0;0;0
-7;00;0;Mexico;M%sT;1932;4;1;0;0;0
-6;00;0;-;CST;1942;4;24;0;0;0
-7;00;0;-;MST;1996;1;1;0;0;0
-7;00;0;Mexico;M%sT;1999;1;1;0;0;0
-7;00;0;-;MST;0;1;1;0;0;0
Zone;America/Mazatlan;-7;05;40;LMT;1922;1;1
-7;00;0;-;MST;1927;6;10;0;0;0
-6;00;0;-;CST;1930;11;15;0;0;0
-7;00;0;Mexico;M%sT;1932;4;1;0;0;0
-6;00;0;-;CST;1942;4;24;0;0;0
-7;00;0;-;MST;1970;1;1;0;0;0
-7;00;0;Mexico;M%sT;0;1;1;0;0;0
Zone;America/Bahia_Banderas;-7;01;00;LMT;1922;1;1
-7;00;0;-;MST;1927;6;10;0;0;0
-6;00;0;-;CST;1930;11;15;0;0;0
-7;00;0;Mexico;M%sT;1932;4;1;0;0;0
-6;00;0;-;CST;1942;4;24;0;0;0
-7;00;0;-;MST;1970;1;1;0;0;0
-7;00;0;Mexico;M%sT;2010;4;4;2;00;0
-6;00;0;Mexico;C%sT;0;1;1;0;0;0
Zone;America/Tijuana;-7;48;04;LMT;1922;1;1
-7;00;0;-;MST;1924;1;1;0;0;0
-8;00;0;-;PST;1927;6;10;0;0;0
-7;00;0;-;MST;1930;11;15;0;0;0
-8;00;0;-;PST;1931;4;1;0;0;0
-8;00;0;1:00;PDT;1931;9;30;0;0;0
-8;00;0;-;PST;1942;4;24;0;0;0
-8;00;0;1:00;PWT;1945;8;14;23;00u;0
-8;00;0;1:00;PPT;1945;11;15;0;0;0
-8;00;0;-;PST;1948;4;5;0;0;0
-8;00;0;1:00;PDT;1949;1;14;0;0;0
-8;00;0;-;PST;1950;5;1;0;0;0
-8;00;0;1:00;PDT;1950;9;24;0;0;0
-8;00;0;-;PST;1951;4;29;2;00;0
-8;00;0;1:00;PDT;1951;9;30;2;00;0
-8;00;0;-;PST;1952;4;27;2;00;0
-8;00;0;1:00;PDT;1952;9;28;2;00;0
-8;00;0;-;PST;1954;1;1;0;0;0
-8;00;0;CA;P%sT;1961;1;1;0;0;0
-8;00;0;-;PST;1976;1;1;0;0;0
-8;00;0;US;P%sT;1996;1;1;0;0;0
-8;00;0;Mexico;P%sT;2001;1;1;0;0;0
-8;00;0;US;P%sT;2002;2;20;0;0;0
-8;00;0;Mexico;P%sT;2010;1;1;0;0;0
-8;00;0;US;P%sT;0;1;1;0;0;0
Zone;America/Barbados;-3;58;29;LMT;1911;8;28
-4;00;0;Barb;A%sT;1944;1;1;0;0;0
-4;00;0;Barb;AST/-0330;1945;1;1;0;0;0
-4;00;0;Barb;A%sT;0;1;1;0;0;0
Zone;America/Belize;-5;52;48;LMT;1912;4;1
-6;00;0;Belize;%s;0;1;1;0;0;0
Zone;Atlantic/Bermuda;-4;19;18;LMT;1890;1;1
-4;19;18;Bermuda;BMT/BST;1930;1;1;2;00;0
-4;00;0;Bermuda;A%sT;1974;4;28;2;00;0
-4;00;0;Canada;A%sT;1976;1;1;0;0;0
-4;00;0;US;A%sT;0;1;1;0;0;0
Zone;America/Costa_Rica;-5;36;13;LMT;1890;1;1
-5;36;13;-;SJMT;1921;1;15;0;0;0
-6;00;0;CR;C%sT;0;1;1;0;0;0
Zone;America/Havana;-5;29;28;LMT;1890;1;1
-5;29;36;-;HMT;1925;7;19;12;00;0
-5;00;0;Cuba;C%sT;0;1;1;0;0;0
Zone;America/Santo_Domingo;-4;39;36;LMT;1890;1;1
-4;40;0;-;SDMT;1933;4;1;12;00;0
-5;00;0;DR;%s;1974;10;27;0;0;0
-4;00;0;-;AST;2000;10;29;2;00;0
-5;00;0;US;E%sT;2000;12;3;1;00;0
-4;00;0;-;AST;0;1;1;0;0;0
Zone;America/El_Salvador;-5;56;48;LMT;1921;1;1
-6;00;0;Salv;C%sT;0;1;1;0;0;0
Zone;America/Guatemala;-6;02;04;LMT;1918;10;5
-6;00;0;Guat;C%sT;0;1;1;0;0;0
Zone;America/Port-au-Prince;-4;49;20;LMT;1890;1;1
-4;49;0;-;PPMT;1917;1;24;12;00;0
-5;00;0;Haiti;E%sT;0;1;1;0;0;0
Zone;America/Tegucigalpa;-5;48;52;LMT;1921;4;1
-6;00;0;Hond;C%sT;0;1;1;0;0;0
Zone;America/Jamaica;-5;07;10;LMT;1890;1;1
-5;07;10;-;KMT;1912;2;1;0;0;0
-5;00;0;-;EST;1974;1;1;0;0;0
-5;00;0;US;E%sT;1984;1;1;0;0;0
-5;00;0;-;EST;0;1;1;0;0;0
Zone;America/Martinique;-4;04;20;LMT;1890;1;1
-4;04;20;-;FFMT;1911;5;1;0;0;0
-4;00;0;-;AST;1980;4;6;0;0;0
-4;00;0;1:00;ADT;1980;9;28;0;0;0
-4;00;0;-;AST;0;1;1;0;0;0
Zone;America/Managua;-5;45;08;LMT;1890;1;1
-5;45;12;-;MMT;1934;6;23;0;0;0
-6;00;0;-;CST;1973;5;1;0;0;0
-5;00;0;-;EST;1975;2;16;0;0;0
-6;00;0;Nic;C%sT;1992;1;1;4;00;0
-5;00;0;-;EST;1992;9;24;0;0;0
-6;00;0;-;CST;1993;1;1;0;0;0
-5;00;0;-;EST;1997;1;1;0;0;0
-6;00;0;Nic;C%sT;0;1;1;0;0;0
Zone;America/Panama;-5;18;08;LMT;1890;1;1
-5;19;36;-;CMT;1908;4;22;0;0;0
-5;00;0;-;EST;0;1;1;0;0;0
Zone;America/Puerto_Rico;-4;24;25;LMT;1899;3;28
-4;00;0;-;AST;1942;5;3;0;0;0
-4;00;0;US;A%sT;1946;1;1;0;0;0
-4;00;0;-;AST;0;1;1;0;0;0
Zone;America/Miquelon;-3;44;40;LMT;1911;6;15
-4;00;0;-;AST;1980;5;1;0;0;0
-3;00;0;-;%z;1987;1;1;0;0;0
-3;00;0;Canada;%z;0;1;1;0;0;0
Zone;America/Grand_Turk;-4;44;32;LMT;1890;1;1
-5;07;10;-;KMT;1912;2;1;0;0;0
-5;00;0;-;EST;1979;1;1;0;0;0
-5;00;0;US;E%sT;2015;3;8;2;00;0
-4;00;0;-;AST;2018;3;11;3;00;0
-5;00;0;US;E%sT;0;1;1;0;0;0
Zone;America/Argentina/Buenos_Aires;-3;53;48;LMT;1894;10;31
-4;16;48;-;CMT;1920;5;1;0;0;0
-4;00;0;-;%z;1930;12;1;0;0;0
-4;00;0;Arg;%z;1969;10;5;0;0;0
-3;00;0;Arg;%z;1999;10;3;0;0;0
-4;00;0;Arg;%z;2000;3;3;0;0;0
-3;00;0;Arg;%z;0;1;1;0;0;0
Zone;America/Argentina/Cordoba;-4;16;48;LMT;1894;10;31
-4;16;48;-;CMT;1920;5;1;0;0;0
-4;00;0;-;%z;1930;12;1;0;0;0
-4;00;0;Arg;%z;1969;10;5;0;0;0
-3;00;0;Arg;%z;1991;3;3;0;0;0
-4;00;0;-;%z;1991;10;20;0;0;0
-3;00;0;Arg;%z;1999;10;3;0;0;0
-4;00;0;Arg;%z;2000;3;3;0;0;0
-3;00;0;Arg;%z;0;1;1;0;0;0
Zone;America/Argentina/Salta;-4;21;40;LMT;1894;10;31
-4;16;48;-;CMT;1920;5;1;0;0;0
-4;00;0;-;%z;1930;12;1;0;0;0
-4;00;0;Arg;%z;1969;10;5;0;0;0
-3;00;0;Arg;%z;1991;3;3;0;0;0
-4;00;0;-;%z;1991;10;20;0;0;0
-3;00;0;Arg;%z;1999;10;3;0;0;0
-4;00;0;Arg;%z;2000;3;3;0;0;0
-3;00;0;Arg;%z;2008;10;18;0;0;0
-3;00;0;-;%z;0;1;1;0;0;0
Zone;America/Argentina/Tucuman;-4;20;52;LMT;1894;10;31
-4;16;48;-;CMT;1920;5;1;0;0;0
-4;00;0;-;%z;1930;12;1;0;0;0
-4;00;0;Arg;%z;1969;10;5;0;0;0
-3;00;0;Arg;%z;1991;3;3;0;0;0
-4;00;0;-;%z;1991;10;20;0;0;0
-3;00;0;Arg;%z;1999;10;3;0;0;0
-4;00;0;Arg;%z;2000;3;3;0;0;0
-3;00;0;-;%z;2004;6;1;0;0;0
-4;00;0;-;%z;2004;6;13;0;0;0
-3;00;0;Arg;%z;0;1;1;0;0;0
Zone;America/Argentina/La_Rioja;-4;27;24;LMT;1894;10;31
-4;16;48;-;CMT;1920;5;1;0;0;0
-4;00;0;-;%z;1930;12;1;0;0;0
-4;00;0;Arg;%z;1969;10;5;0;0;0
-3;00;0;Arg;%z;1991;3;1;0;0;0
-4;00;0;-;%z;1991;5;7;0;0;0
-3;00;0;Arg;%z;1999;10;3;0;0;0
-4;00;0;Arg;%z;2000;3;3;0;0;0
-3;00;0;-;%z;2004;6;1;0;0;0
-4;00;0;-;%z;2004;6;20;0;0;0
-3;00;0;Arg;%z;2008;10;18;0;0;0
-3;00;0;-;%z;0;1;1;0;0;0
Zone;America/Argentina/San_Juan;-4;34;04;LMT;1894;10;31
-4;16;48;-;CMT;1920;5;1;0;0;0
-4;00;0;-;%z;1930;12;1;0;0;0
-4;00;0;Arg;%z;1969;10;5;0;0;0
-3;00;0;Arg;%z;1991;3;1;0;0;0
-4;00;0;-;%z;1991;5;7;0;0;0
-3;00;0;Arg;%z;1999;10;3;0;0;0
-4;00;0;Arg;%z;2000;3;3;0;0;0
-3;00;0;-;%z;2004;5;31;0;0;0
-4;00;0;-;%z;2004;7;25;0;0;0
-3;00;0;Arg;%z;2008;10;18;0;0;0
-3;00;0;-;%z;0;1;1;0;0;0
Zone;America/Argentina/Jujuy;-4;21;12;LMT;1894;10;31
-4;16;48;-;CMT;1920;5;1;0;0;0
-4;00;0;-;%z;1930;12;1;0;0;0
-4;00;0;Arg;%z;1969;10;5;0;0;0
-3;00;0;Arg;%z;1990;3;4;0;0;0
-4;00;0;-;%z;1990;10;28;0;0;0
-4;00;0;1:00;%z;1991;3;17;0;0;0
-4;00;0;-;%z;1991;10;6;0;0;0
-3;00;0;1:00;%z;1992;1;1;0;0;0
-3;00;0;Arg;%z;1999;10;3;0;0;0
-4;00;0;Arg;%z;2000;3;3;0;0;0
-3;00;0;Arg;%z;2008;10;18;0;0;0
-3;00;0;-;%z;0;1;1;0;0;0
Zone;America/Argentina/Catamarca;-4;23;08;LMT;1894;10;31
-4;16;48;-;CMT;1920;5;1;0;0;0
-4;00;0;-;%z;1930;12;1;0;0;0
-4;00;0;Arg;%z;1969;10;5;0;0;0
-3;00;0;Arg;%z;1991;3;3;0;0;0
-4;00;0;-;%z;1991;10;20;0;0;0
-3;00;0;Arg;%z;1999;10;3;0;0;0
-4;00;0;Arg;%z;2000;3;3;0;0;0
-3;00;0;-;%z;2004;6;1;0;0;0
-4;00;0;-;%z;2004;6;20;0;0;0
-3;00;0;Arg;%z;2008;10;18;0;0;0
-3;00;0;-;%z;0;1;1;0;0;0
Zone;America/Argentina/Mendoza;-4;35;16;LMT;1894;10;31
-4;16;48;-;CMT;1920;5;1;0;0;0
-4;00;0;-;%z;1930;12;1;0;0;0
-4;00;0;Arg;%z;1969;10;5;0;0;0
-3;00;0;Arg;%z;1990;3;4;0;0;0
-4;00;0;-;%z;1990;10;15;0;0;0
-4;00;0;1:00;%z;1991;3;1;0;0;0
-4;00;0;-;%z;1991;10;15;0;0;0
-4;00;0;1:00;%z;1992;3;1;0;0;0
-4;00;0;-;%z;1992;10;18;0;0;0
-3;00;0;Arg;%z;1999;10;3;0;0;0
-4;00;0;Arg;%z;2000;3;3;0;0;0
-3;00;0;-;%z;2004;5;23;0;0;0
-4;00;0;-;%z;2004;9;26;0;0;0
-3;00;0;Arg;%z;2008;10;18;0;0;0
-3;00;0;-;%z;0;1;1;0;0;0
Zone;America/Argentina/San_Luis;-4;25;24;LMT;1894;10;31
-4;16;48;-;CMT;1920;5;1;0;0;0
-4;00;0;-;%z;1930;12;1;0;0;0
-4;00;0;Arg;%z;1969;10;5;0;0;0
-3;00;0;Arg;%z;1990;1;1;0;0;0
-3;00;0;1:00;%z;1990;3;14;0;0;0
-4;00;0;-;%z;1990;10;15;0;0;0
-4;00;0;1:00;%z;1991;3;1;0;0;0
-4;00;0;-;%z;1991;6;1;0;0;0
-3;00;0;-;%z;1999;10;3;0;0;0
-4;00;0;1:00;%z;2000;3;3;0;0;0
-3;00;0;-;%z;2004;5;31;0;0;0
-4;00;0;-;%z;2004;7;25;0;0;0
-3;00;0;Arg;%z;2008;1;21;0;0;0
-4;00;0;SanLuis;%z;2009;10;11;0;0;0
-3;00;0;-;%z;0;1;1;0;0;0
Zone;America/Argentina/Rio_Gallegos;-4;36;52;LMT;1894;10;31
-4;16;48;-;CMT;1920;5;1;0;0;0
-4;00;0;-;%z;1930;12;1;0;0;0
-4;00;0;Arg;%z;1969;10;5;0;0;0
-3;00;0;Arg;%z;1999;10;3;0;0;0
-4;00;0;Arg;%z;2000;3;3;0;0;0
-3;00;0;-;%z;2004;6;1;0;0;0
-4;00;0;-;%z;2004;6;20;0;0;0
-3;00;0;Arg;%z;2008;10;18;0;0;0
-3;00;0;-;%z;0;1;1;0;0;0
Zone;America/Argentina/Ushuaia;-4;33;12;LMT;1894;10;31
-4;16;48;-;CMT;1920;5;1;0;0;0
-4;00;0;-;%z;1930;12;1;0;0;0
-4;00;0;Arg;%z;1969;10;5;0;0;0
-3;00;0;Arg;%z;1999;10;3;0;0;0
-4;00;0;Arg;%z;2000;3;3;0;0;0
-3;00;0;-;%z;2004;5;30;0;0;0
-4;00;0;-;%z;2004;6;20;0;0;0
-3;00;0;Arg;%z;2008;10;18;0;0;0
-3;00;0;-;%z;0;1;1;0;0;0
Zone;America/La_Paz;-4;32;36;LMT;1890;1;1
-4;32;36;-;CMT;1931;10;15;0;0;0
-4;32;36;1:00;BST;1932;3;21;0;0;0
-4;00;0;-;%z;0;1;1;0;0;0
Zone;America/Noronha;-2;09;40;LMT;1914;1;1
-2;00;0;Brazil;%z;1990;9;17;0;0;0
-2;00;0;-;%z;1999;9;30;0;0;0
-2;00;0;Brazil;%z;2000;10;15;0;0;0
-2;00;0;-;%z;2001;9;13;0;0;0
-2;00;0;Brazil;%z;2002;10;1;0;0;0
-2;00;0;-;%z;0;1;1;0;0;0
Zone;America/Belem;-3;13;56;LMT;1914;1;1
-3;00;0;Brazil;%z;1988;9;12;0;0;0
-3;00;0;-;%z;0;1;1;0;0;0
Zone;America/Santarem;-3;38;48;LMT;1914;1;1
-4;00;0;Brazil;%z;1988;9;12;0;0;0
-4;00;0;-;%z;2008;6;24;0;00;0
-3;00;0;-;%z;0;1;1;0;0;0
Zone;America/Fortaleza;-2;34;00;LMT;1914;1;1
-3;00;0;Brazil;%z;1990;9;17;0;0;0
-3;00;0;-;%z;1999;9;30;0;0;0
-3;00;0;Brazil;%z;2000;10;22;0;0;0
-3;00;0;-;%z;2001;9;13;0;0;0
-3;00;0;Brazil;%z;2002;10;1;0;0;0
-3;00;0;-;%z;0;1;1;0;0;0
Zone;America/Recife;-2;19;36;LMT;1914;1;1
-3;00;0;Brazil;%z;1990;9;17;0;0;0
-3;00;0;-;%z;1999;9;30;0;0;0
-3;00;0;Brazil;%z;2000;10;15;0;0;0
-3;00;0;-;%z;2001;9;13;0;0;0
-3;00;0;Brazil;%z;2002;10;1;0;0;0
-3;00;0;-;%z;0;1;1;0;0;0
Zone;America/Araguaina;-3;12;48;LMT;1914;1;1
-3;00;0;Brazil;%z;1990;9;17;0;0;0
-3;00;0;-;%z;1995;9;14;0;0;0
-3;00;0;Brazil;%z;2003;9;24;0;0;0
-3;00;0;-;%z;2012;10;21;0;0;0
-3;00;0;Brazil;%z;2013;9;1;0;0;0
-3;00;0;-;%z;0;1;1;0;0;0
Zone;America/Maceio;-2;22;52;LMT;1914;1;1
-3;00;0;Brazil;%z;1990;9;17;0;0;0
-3;00;0;-;%z;1995;10;13;0;0;0
-3;00;0;Brazil;%z;1996;9;4;0;0;0
-3;00;0;-;%z;1999;9;30;0;0;0
-3;00;0;Brazil;%z;2000;10;22;0;0;0
-3;00;0;-;%z;2001;9;13;0;0;0
-3;00;0;Brazil;%z;2002;10;1;0;0;0
-3;00;0;-;%z;0;1;1;0;0;0
Zone;America/Bahia;-2;34;04;LMT;1914;1;1
-3;00;0;Brazil;%z;2003;9;24;0;0;0
-3;00;0;-;%z;2011;10;16;0;0;0
-3;00;0;Brazil;%z;2012;10;21;0;0;0
-3;00;0;-;%z;0;1;1;0;0;0
Zone;America/Sao_Paulo;-3;06;28;LMT;1914;1;1
-3;00;0;Brazil;%z;1963;10;23;0;00;0
-3;00;0;1:00;%z;1964;1;1;0;0;0
-3;00;0;Brazil;%z;0;1;1;0;0;0
Zone;America/Campo_Grande;-3;38;28;LMT;1914;1;1
-4;00;0;Brazil;%z;0;1;1;0;0;0
Zone;America/Cuiaba;-3;44;20;LMT;1914;1;1
-4;00;0;Brazil;%z;2003;9;24;0;0;0
-4;00;0;-;%z;2004;10;1;0;0;0
-4;00;0;Brazil;%z;0;1;1;0;0;0
Zone;America/Porto_Velho;-4;15;36;LMT;1914;1;1
-4;00;0;Brazil;%z;1988;9;12;0;0;0
-4;00;0;-;%z;0;1;1;0;0;0
Zone;America/Boa_Vista;-4;02;40;LMT;1914;1;1
-4;00;0;Brazil;%z;1988;9;12;0;0;0
-4;00;0;-;%z;1999;9;30;0;0;0
-4;00;0;Brazil;%z;2000;10;15;0;0;0
-4;00;0;-;%z;0;1;1;0;0;0
Zone;America/Manaus;-4;00;04;LMT;1914;1;1
-4;00;0;Brazil;%z;1988;9;12;0;0;0
-4;00;0;-;%z;1993;9;28;0;0;0
-4;00;0;Brazil;%z;1994;9;22;0;0;0
-4;00;0;-;%z;0;1;1;0;0;0
Zone;America/Eirunepe;-4;39;28;LMT;1914;1;1
-5;00;0;Brazil;%z;1988;9;12;0;0;0
-5;00;0;-;%z;1993;9;28;0;0;0
-5;00;0;Brazil;%z;1994;9;22;0;0;0
-5;00;0;-;%z;2008;6;24;0;00;0
-4;00;0;-;%z;2013;11;10;0;0;0
-5;00;0;-;%z;0;1;1;0;0;0
Zone;America/Rio_Branco;-4;31;12;LMT;1914;1;1
-5;00;0;Brazil;%z;1988;9;12;0;0;0
-5;00;0;-;%z;2008;6;24;0;00;0
-4;00;0;-;%z;2013;11;10;0;0;0
-5;00;0;-;%z;0;1;1;0;0;0
Zone;America/Santiago;-4;42;45;LMT;1890;1;1
-4;42;45;-;SMT;1910;1;10;0;0;0
-5;00;0;-;%z;1916;7;1;0;0;0
-4;42;45;-;SMT;1918;9;10;0;0;0
-4;00;0;-;%z;1919;7;1;0;0;0
-4;42;45;-;SMT;1927;9;1;0;0;0
-5;00;0;Chile;%z;1932;9;1;0;0;0
-4;00;0;-;%z;1942;6;1;0;0;0
-5;00;0;-;%z;1942;8;1;0;0;0
-4;00;0;-;%z;1946;7;14;24;00;0
-4;00;0;1:00;%z;1946;8;28;24;00;0
-5;00;0;1:00;%z;1947;3;31;24;00;0
-5;00;0;-;%z;1947;5;21;23;00;0
-4;00;0;Chile;%z;0;1;1;0;0;0
Zone;America/Punta_Arenas;-4;43;40;LMT;1890;1;1
-4;42;45;-;SMT;1910;1;10;0;0;0
-5;00;0;-;%z;1916;7;1;0;0;0
-4;42;45;-;SMT;1918;9;10;0;0;0
-4;00;0;-;%z;1919;7;1;0;0;0
-4;42;45;-;SMT;1927;9;1;0;0;0
-5;00;0;Chile;%z;1932;9;1;0;0;0
-4;00;0;-;%z;1942;6;1;0;0;0
-5;00;0;-;%z;1942;8;1;0;0;0
-4;00;0;-;%z;1946;8;28;24;00;0
-5;00;0;1:00;%z;1947;3;31;24;00;0
-5;00;0;-;%z;1947;5;21;23;00;0
-4;00;0;Chile;%z;2016;12;4;0;0;0
-3;00;0;-;%z;0;1;1;0;0;0
Zone;Pacific/Easter;-7;17;28;LMT;1890;1;1
-7;17;28;-;EMT;1932;9;1;0;0;0
-7;00;0;Chile;%z;1982;3;14;3;00u;0
-6;00;0;Chile;%z;0;1;1;0;0;0
Zone;Antarctica/Palmer;0;0;0;-00;1965;1;1
-4;00;0;Arg;%z;1969;10;5;0;0;0
-3;00;0;Arg;%z;1982;5;1;0;0;0
-4;00;0;Chile;%z;2016;12;4;0;0;0
-3;00;0;-;%z;0;1;1;0;0;0
Zone;America/Bogota;-4;56;16;LMT;1884;3;13
-4;56;16;-;BMT;1914;11;23;0;0;0
-5;00;0;CO;%z;0;1;1;0;0;0
Zone;America/Guayaquil;-5;19;20;LMT;1890;1;1
-5;14;00;-;QMT;1931;1;1;0;0;0
-5;00;0;Ecuador;%z;0;1;1;0;0;0
Zone;Pacific/Galapagos;-5;58;24;LMT;1931;1;1
-5;00;0;-;%z;1986;1;1;0;0;0
-6;00;0;Ecuador;%z;0;1;1;0;0;0
Zone;Atlantic/Stanley;-3;51;24;LMT;1890;1;1
-3;51;24;-;SMT;1912;3;12;0;0;0
-4;00;0;Falk;%z;1983;5;1;0;0;0
-3;00;0;Falk;%z;1985;9;15;0;0;0
-4;00;0;Falk;%z;2010;9;5;2;00;0
-3;00;0;-;%z;0;1;1;0;0;0
Zone;America/Cayenne;-3;29;20;LMT;1911;7;1
-4;00;0;-;%z;1967;10;1;0;0;0
-3;00;0;-;%z;0;1;1;0;0;0
Zone;America/Guyana;-3;52;39;LMT;1911;8;1
-4;00;0;-;%z;1915;3;1;0;0;0
-3;45;0;-;%z;1975;8;1;0;0;0
-3;00;0;-;%z;1992;3;29;1;00;0
-4;00;0;-;%z;0;1;1;0;0;0
Zone;America/Asuncion;-3;50;40;LMT;1890;1;1
-3;50;40;-;AMT;1931;10;10;0;0;0
-4;00;0;-;%z;1972;10;1;0;0;0
-3;00;0;-;%z;1974;4;1;0;0;0
-4;00;0;Para;%z;2024;10;15;0;0;0
-3;00;0;-;%z;0;1;1;0;0;0
Zone;America/Lima;-5;08;12;LMT;1890;1;1
-5;08;36;-;LMT;1908;7;28;0;0;0
-5;00;0;Peru;%z;0;1;1;0;0;0
Zone;Atlantic/South_Georgia;-2;26;08;LMT;1890;1;1
-2;00;0;-;%z;0;1;1;0;0;0
Zone;America/Paramaribo;-3;40;40;LMT;1911;1;1
-3;40;52;-;PMT;1935;1;1;0;0;0
-3;40;36;-;PMT;1945;10;1;0;0;0
-3;30;0;-;%z;1984;10;1;0;0;0
-3;00;0;-;%z;0;1;1;0;0;0
Zone;America/Montevideo;-3;44;51;LMT;1908;6;10
-3;44;51;-;MMT;1920;5;1;0;0;0
-4;00;0;-;%z;1923;10;1;0;0;0
-3;30;0;Uruguay;%z;1942;12;14;0;0;0
-3;00;0;Uruguay;%z;1960;1;1;0;0;0
-3;00;0;Uruguay;%z;1968;1;1;0;0;0
-3;00;0;Uruguay;%z;1970;1;1;0;0;0
-3;00;0;Uruguay;%z;1974;1;1;0;0;0
-3;00;0;Uruguay;%z;1974;3;10;0;0;0
-3;00;0;Uruguay;%z;1974;12;22;0;0;0
-3;00;0;Uruguay;%z;0;1;1;0;0;0
Zone;America/Caracas;-4;27;44;LMT;1890;1;1
-4;27;40;-;CMT;1912;2;12;0;0;0
-4;30;0;-;%z;1965;1;1;0;00;0
-4;00;0;-;%z;2007;12;9;3;00;0
-4;30;0;-;%z;2016;5;1;2;30;0
-4;00;0;-;%z;0;1;1;0;0;0
